District,Name of NGO in Nepali,Name of NGO in English,Acronym,Address,Telephone,Fax,Email,Website,Office Mobile,Contact Person,Working Sector
Achham,नेपाल जन जागरण मंच,Nepal Public Awareness Forum,,Ghughurkot-2,29359,N/A,N/A,N/A,N/A,N/A,N/A
Achham,स्वच्छ वातावरण तथा मानव विकास मञ्च,Lucied Environment and Human Development Forum,,Chandika-3,097-629303,N/A,N/A,N/A,N/A,N/A,N/A
Achham,सामाजिक सशक्तिकरण तथा पहुँच विकास केन्द्र,Social Empowerment and Access Development Centre,SEBAC,Mathtamandu-1,097 625007,097 625007,sebac@wlink.com.np,,9851087644,Rebant Nath,N/A
Achham,पँहुच र सृजनाका लागि सहकार्य नेपाल,"Working for Access and Creation, Nepal (WAC-Nepal)",WAC,Mastamandu-1,097 625032,097 625032,wacnepal@ntc.net.np,wacnepal.org.np ,9759001149,Min Bahadur Kunawr,N/A
Achham,रामारोशन विकास समाज,Ramaroshan Development Society,Roshan,Safebagar,097-620063,097-620063,roshan_vs@gmail.com ,N/A,9749010473,Govinda Bahadur Shah,N/A
Achham,नारी चेतना केन्द्र,Women Awareness Centre,N/A,Mangalsen-8,N/A,N/A,N/A,N/A,N/A,N/A,N/A
Achham,ग्रामीण विकास केन्द्र (रुडेक),Rural Development Centre,RUDEC,Mangalsen,097 620218,097 620218,rudecachham@gmail.com,N/A,9759001177,Chank Bahadur Saud,N/A
Achham,सामुदायिक विकास केन्द्र नेपाल,Community Development Centre Nepal,N/A,Safebagar,019-660511,N/A,N/A,N/A,N/A,N/A,N/A
Achham,समाज विकास तथा सचेतन केन्द्र (सोडाक),Social Development and Awareness Centre,SODAC,Mangalsen-5,629112,N/A,N/A,N/A,N/A,N/A,N/A
Achham,श्रीः पशु सेवा समिति,Shree Animal Service Committee,N/A,Mastamandu-1,N/A,N/A,N/A,N/A,N/A,N/A,N/A
Achham,वातावरण संरक्षण मञ्च नेपाल,Environment Protection Forum,N/A,Mastamandu,019-660504,N/A,N/A,N/A,N/A,N/A,N/A
Achham,सशक्त महिता विपन्नता विरुद्धको कार्ययात्रामा सहभागीता नेपाल,Empowered Women Participated in Against Distressed Work,SAMABIKAS,Mastamandu-1,097-625045,097-625045,samabikas@gmail.com,N/A,9858421973,Pashupati Kunwar,N/A
Achham,पँहुच र सृजनाका लागि सहकार्य नेपाल,Srijana Art Centre,N/A,Safebagar,N/A,N/A,N/A,N/A,N/A,N/A,N/A
Achham,नेपाल उत्पीडित उत्थान समाज,Nepal Oppressed Upliftment Society,NUDS,Safebagar,097 625034,097 625034,N/A,,9848565948,Ganesh Tiruwa,Provety
Achham,ग्रामीण सुचना तथा संचार विकास केन्द्र (रिमडेक),Rual Information and Communication Development  Centre,N/A,Mangalsain-5,N/A,N/A,N/A,N/A,N/A,N/A,N/A
Achham,दलित एकता मंच अछाम (दुना),Dalit Unity Forum,DUNA,Mangalsain-5,N/A,N/A,N/A,N/A,N/A,N/A,N/A
Achham,मालिका विकास संघ,Malika Development Organization,MDO,Mangalsain-5,097-629124,097-620225,himbvk@gmail.com,www.malika.org.np,9759000972,Krishna Rawal,N/A
Achham,सशक्तिकरणका क्षेत्रमा यूवाहरु (एस) नेपाल,Youth in Empower Area,"YES, Nepal",Safebagar,081-524415,097 625011,yesnepaldgd@wlink.com.np,www.yesnepal.org,9848445611,Jaya Bahadur Mahara,N/A
Achham,गंगोत्री ग्रामीण विकास मंच,Gangotri Rural Development Forum,GaRDeF,Bayalpata Achham,097 625068,097 625068,gardef.achham@gmail.com ,,9749000971,Takkar Kadayat,HiV/AIDS and other
Achham,दिव्यज्योती समाज उत्थान केन्द्र,Divya Joyti Progressive Centre,N/A,Mastamandu-1,097 625068,097 625068,N/A,N/A,N/A,N/A,N/A
Achham,आत्मनिर्भर विकास समाज,Self Relient Development Society,N/A,Mangalsen-6,097-629135,N/A,N/A,N/A,N/A,N/A,N/A
Achham,गतिशिल वहुउद्देशिय समाज,Mobility Multipurposed Society,DYMPS,Mangalsen,97620304,,dympsachham@gmail.com,,,Khadak Bahadur Khadka,Human right and education
Achham,मानव विकास समाज नेपाल ,Human Development Society Nepal,N/A,Ghughurkot-2,019-660512,N/A,N/A,N/A,N/A,N/A,N/A
Achham,सहभागितामूलक दिगो विकास केन्द्र ,Participatory Sustainable Development Centre,PRSDC,Mangalsen-5,097-620032,097-620303,prsdc.nepal@yahoo.com,N/A,9749010063,kallan sing bogati,N/A
Achham,समाज उत्थान सहयोग केन्द्र ,Social Upliftment Helping Centre,N/A,Shantada-3 Mujabazar,097-690104,N/A,N/A,N/A,N/A,N/A,N/A
Achham,सामाजिक तथा मानव विकास मञ्च ,Social and Human Development Forum,HSDF,"Chandika-3, Balyalpata",091693940 and 9849027567,N/A,N/A,N/A,N/A,Rajenadra Kunwor,N/A
Achham,सूर्योदयो समाज विकास संघ ,Sunrice Social Development Association,SSDA,"Barala-3, Tikhapatal",097-490039 and 097-620065,N/A,N/A,N/A,N/A,N/A,N/A
Achham,बालबालिका तथा महिला शिक्षा सहकार्य नेपाल (पिसवीन नेपाल),Children and Women Education Co- Working Nepal,PEACEWIN,Mangalsen-5,097-520313,097-620313,peacewinachham@yahoo.com,peacewin.org.com,9759001182,Lal Bahadur oli,Education
Achham,जनाली बण्डाली समाज कल्याण संघ ,Janali Bandali Social Welfare Organization,N/A,"Mangalsen-5,Bairagidhara",097-620061 and 9848435533,N/A,N/A,N/A,N/A,N/A,N/A
Achham,दलित विकास सेवा समाज ,Dalit Development Service Society,DDSS,"Chandika-3, Balyalpata",091-694134,N/A,N/A,N/A,N/A,N/A,N/A
Achham,सामुदायिक स्वास्थ्य संरक्षण केन्द्र ,Community Helath Protection Centre,N/A,Mangalsen-6,097-620181,N/A,N/A,N/A,N/A,N/A,N/A
Achham,ग्रामीण साझेदारी विकास केन्द्र ,Rural Partnership Development Centre,N/A,Hichama-5,097-690218,N/A,N/A,N/A,N/A,N/A,N/A
Achham,सामुदायिक सशक्तिकरण केन्द्र ,Community Empowerment Centre,N/A,"Mastamandu-1, Safebagar",097-690423,N/A,N/A,N/A,N/A,N/A,N/A
Achham,सर्वाङ्गिण महिला विकास कार्ययात्रामा सहभागी (पि–कार्ड),Srawangin Mahila Bikas Karyayatrama Sahabhagi,N/A,"Siddhiswor-1, Safebagar",097-690017,N/A,N/A,N/A,N/A,N/A,N/A
Achham,गरिमा समाज नेपाल ,Garima Social Nepal,N/A,"Mastamandu-2, Safebagar",N/A,N/A,N/A,N/A,N/A,N/A,N/A
Achham,शान्तिका लागि युवा सञ्जाल ,Youth Network for Peace,N/A,"Mastamandu-1, Safebagar",091-691153,N/A,N/A,N/A,N/A,N/A,N/A
Achham,सामाजिक स्वयं सेवक मञ्च (शोभा),Social Volunteer Forurm,SOVA,Mangalsen-1,9749005947,N/A,N/A,N/A,N/A,N/A,N/A
Achham,देवीथुम विकास समाज ,Devithum Development Society,DDSA,Devisthan-5,091-692646,N/A,N/A,N/A,N/A,N/A,N/A
Achham,कालिका सामुदायिक विकास समाज ,Kalika Community Development Society,KCDS,"Devisthan-5, Deuralikhad",N/A,N/A,N/A,N/A,N/A,N/A,N/A
Achham,जनजागरण शैक्षिक विकास अध्ययन केन्द्र  ,Public Awareness Education Development Learning Center ,PAEDLC,Larg9,097-690282,N/A,N/A,N/A,N/A,N/A,N/A
Achham,जन सेवा युवा समाज ,Jana Sewa Yuwa Samaj,Jana Sewa,Wasti-5,097-620296,097-620296,janasewanepal@yahoo.com,N/A,9848472625,Lokman Dhami,N/A
Achham,सुदूर सञ्चार समाज नेपाल ,Farweast Media Society Nepal,FMS,Mangalsen-6,097-620228,097-620228,binodthapa9@gmail.com,www.radioramaroshan.org.np,9848435400,Binod Kumar Thapa,Media and development 
Achham,सशक्त महिता विपन्नता विरुद्धको कार्ययात्रामा सहभागीता नेपाल,Empowered Women Participated in Against Distressed Work,,Mastamandu,,,,,,,
Achham,सृजना कला केन्द्र,Srijana Art Centre,,Safebagar,019-660504,,,,,,
Achham,उत्पीडित उत्थान तथा चेतना विकास मञ्च,Oppressed Upliftment and Awareness Development Forum,,Mangalsen-5,629112,,,,,,
Achham,अछाम उत्पीडित जनजाती तथा महिला सचेतन केन्द्र,Achham Oppressed Janajati and Women Conscious Centre,,Astamandu-1,019-660511,,,,,,
Achham,श्री लक्ष्मी युवा क्लब ,Shree Laxmi Youth Club,,"Timalsain-3,Katarate",9848447238,,,,,,
Baitadi,सामाजिक चेतना तथा विकास संघ,Social Awareness and Development Association,,Patan -9,095-520246,,kthagunna@yahoo.com,,,,
Baitadi,त्रिपुरेश्वर शान्ति समाज,Tripuresowr Shanti Samaj,,Basantapur-5,,,,,,,
Baitadi,केदार ग्रामिण दिगो विकास संघ,Kedar Rural Sustainabale Developmetn Organization,,Nwali-3,520156,,,,,,
Baitadi,कोट भैरब सामुदायिक विकाष केन्द्र,Kot Bhairab Community Development Centre,,Chaukham-4,095-520429,,,,,,
Baitadi,शहीद दशरथ चन्द स्मृति प्रतिष्ठान,Sahid Dasaratha Chandra Smriti Pratisthan,,Baitadi-5,520223,,mdca@ntc.net.np,,,,
Baitadi,जन जागरण सेवा केन्द्र,Public Awareness Service Centre,,Baitadi-3,095-520114,,,,,,
Baitadi,जागृति युवा केन्द्र,Jagriti Youth Club,,Dasarathachadra-1,520024,,,,,,
Baitadi,अनिरुद्र युवा क्लब,Anirudra Youth Club,,Shankarpur-5,,,,,,,
Baitadi,निङ्गलाशैनी युवा क्लब,Ningalashaini Youth Club,,Dehimandu-6,,,,,,,
Baitadi,बसन्तपुर सांस्कृतिक समाज,Basantpur Cultural Society,,Basantapur-6,095-529384,,,,,,
Baitadi,अवोलिग ग्रामिण महिला मञ्च,Awolig Rural Women Forum,,Dasarathachadra-7,095-520453,,,,,,
Baitadi,आदर्श ग्रामिण विकास संघ,Aadarsa Rural Development Organization,,Salena,,,,,,,
Baitadi,शिवकेदार ग्रामिण विकास संघ,Shivakedar Rural Development Organization,,Sahilek-1,,,samaratcom.sureshlb@hotmail.org,,,,
Baitadi,नागार्जुन जन सेवा संस्था,Nagarjun Public Service Organization,,Girgada-9,,,,,,,
Baitadi,मित्र संघ,Mitra Organization,,"Dasharathchand, Municipality-1",095-520046,,rbhatta977@gmail.com,,,,"Income Generation, Physical Development, Agriculture, Health and Sanitation, and, Communication"
Baitadi,थागिल सामाजिक विकास संघ,Thagil Social Development Organization,,Gothalapani-1,095-520179,,,,,,
Baitadi,सहयोगी संस्था,Helping Oragnization,,Gothalapani-1,095-520193,,,,,,
Baitadi,भुमेश्वर सामुदायिक विकास संघ,Bhumeswor Community Development Organization,,Shidhesowr-9,,,,,,,
Baitadi,जय ग्वालेक केदार युवा क्लब,Jaya Gwaleka Kedar Youth Club,,Dasarathachandra-3,,,,,,,
Baitadi,एकता सामुदायिक विकास केन्द्र,Unity Community Development Centre,,Patan-9,,,,,,,
Baitadi,दिगो उधम तथा महिला जागरण समाज,Sustainable Enterprise and Women Awareness Society,,"Dasharathchand, Municipality-1",095-520108,,sewabaitadi@ntc.net.np,,,,"Income Generation, and Physical Development"
Baitadi,ग्वालेक जन जागरण केन्द्र,Gwalek Public Awareness Centre,,Durgasthan-3,520233,,,,,,
Baitadi,हंसराज सामुदायिक विकास केन्द्र,Hansaraj Community Development Centre,,Silaga,,,,,,,
Baitadi,बाशुलिङ्ग जन जागृति समाज,Basuling Jana Jagriti Samaj,,Bhauneli-2,,,,,,,
Baitadi,नागार्जुन ग्रामीण स्वास्थ्य एवं शिक्षा केन्द्र,Nagarjun Rural Health and Education Centre,,Dasarathachandra-9,,,,,,,
Baitadi,समाज सुधार संघ,Social Inprovement Organization,,Dasarathachandra-6,,,,,,,
Baitadi,कैलपाल सामुदायिक ग्रामिण विकास संघ,Kailpal Community Rural Development Organization,,Patan-7,520126,,,,,,
Baitadi,शान्ति र विकासको लागि हातेमालो कार्यक्रम,Handstogether Program for Peace and Development,,Dasarathachandra -1,095-520225,,,,,,
Baitadi,पाताल भुमेश्वर युवा क्लब,Patal Bhumeswor Youth Club,,Bhumeswor-2,,,,,,,
Baitadi,प्रगतिशिल सामाजिक संस्था,Progressive Social Organization,,Hatairaj-4,,,,,,,
Baitadi,त्रिपुरा सुन्दरी ग्रामिण विकास केन्द्र,Tripura Sundari Rural Development Centre,,Dasarathachandra-9,,,,,,,
Baitadi,भूमिराज सामाजिक विकास युवा क्लव,Bhumiraj Social Development youth Club,,Sakar-4,,,,,,,
Baitadi,त्रिशक्ति युवा क्लव,Trishakti Youth Club,,Shankarpur,095-529332,,,,,,
Baitadi,सामुदायिक ग्रामिण विकास सेवा समाज,Community Rural Development Service Society,,Patan-2,,,,,,,
Baitadi,माहाशक्ति युवा मञ्च,Mahashakti Youth Club,,Bhumeswor,095-520189,,,,,,
Baitadi,लोकशक्ति उदय सेवा केन्द्र,Lokshakti Uday Sewa Kendra,,Nagatadi-12,520046,,,,,,
Baitadi,डौडेश्वर युवा क्लव,Daudeswor Youth Club,,Bhuneli-7,,,,,,,
Baitadi,आवाज दे समाज सेवा युवा क्लव,Aawaj de Social Service Youth Club,,Melauli-6,,,,,,,
Baitadi,श्रृजनशिल दिव्यज्योति जागृति समाज,Srijanashil Dibyajyoti Jagrit Samaj,,Dasarathachandra-4,,,,,,,
Baitadi,मानवतावाद विकास केन्दै,Development Centre For Hummanitarian ,,Dasarathachandra-2,095-520465,,,,,,
Baitadi,ग्वाल्लेक यवा क्लव,Gwalek Youth Club,,Gwalek-2,,,,,,,
Baitadi,ग्रामिण विकास सेवा केन्द्र,Rural Development Service Centre,,"Bhimdatta Municipality-1, Shahilake",095-520114,,,,,,
Baitadi,पर्वत फेदी श्रुजना यूवा क्लव,Prabat Phedi Srijana Yuwa Club,,Sahilek-1,520213,,,,,,
Baitadi,दलित समाज विकास मञ्च,Dalit Social Development Forum,,Dasarathachandra-1,,,,,,,
Baitadi,शैक्षिक जागरण केन्द्र,Educational Awareness Centre,,Gothalapani-1,20244,,,,,,
Baitadi,मानव अधिकार तथा समाज,Human Rights and Society,,Khalanga-1,20205,,,,,,
Baitadi,ग्रामीण  समाज परोपकार सेवा सदन ,Gramin Samaj Paropakar Sewa Sadan,,Malladehi-9,,,,,,,
Baitadi,सातधारा सिर्जनशील सामुदायिक विकास संघ ,Satdhara Innovative Community Development Association,,"Dasharathchand, Municipality-4",095-520340,,,,,,
Baitadi,दटमेटा प्रगतिशील समाज ,Datameta Progressive Society,,"Mahadevsthan-08, Baitadi",,,,,,,
Baitadi,सामाजिक आर्थिक तथा वातावरणीय विकास सेवा केन्द्र ,Social Economic and Environmental Development Service Centre,,Sihas-01,,,,,,,
Baitadi,वातावरणीय ग्रामीण विकास मञ्च ,Environmental Rural Development Forum,,Gajari-02,,,,,,,
Baitadi,दुर्गा भवानी ग्रामीण विकास संघ ,Durga Bhawani Rural Development Association,,Durgavawani-4,520137/690088,,,,,,
Baitadi,पुर्चौडी ग्रामीण विकास तथा अनुसन्धान केन्द्र ,Puchaudi Rural Development and Research Centre,,Talladehi-09,,,,,,,
Baitadi,महादेव चक्रकुण्ड युवा क्लब,Mahadev Chakrakunda Youth Club,,Nwadeu-7,095-690413,,,,,,
Baitadi,व्यवसाय विकास तथा अनुसन्धान केन्द्र ,Business Development and Research Centre,,Dasarathachandra-1,095-520187,,janakrajbhatt@gmail.com,,,,
Baitadi,नेपाल त्रि–नेत्र सर्कल ,Nepal Tri Netra Circle,,Memauli-1,096-690231,,,,,,
Baitadi,भूमिराज बहुआयामिक ग्रामीण समाज ,Bhumiraj Multiple Purose Village Development Society,,Kuwakot-3,,,,,,,
Baitadi,त्रिवेणी स्वास्थ्य वातावरण समूह ,Triveni Healthy Environment Group,,Puchaudi Hat-4,095-520195,,,,,,"Dirinking water, Irrigation, Income Generation, and Awareness Program"
Baitadi,नव ग्रामीण विकास केन्द्र ,New Rural Development Centre,,Gokuleshwar-9,095-690359,,,,,,
Baitadi,पहरौल युवा जनजागरण ,Paharaul Yuba Janajagarn,,Mahadevsthan-04,,,,,,,Protect the historica religious place of Nepal
Baitadi,संकटग्रस्त सामुदायिक विकास युवा क्लब,Vulnerable Community Development Youth Club,,Kotila-09,,,,,,,
Baitadi,सिगास विकास समिति ,Sigas Development Committee,,Shivaling-4,,,,,,,
Baitadi,दडमेता समौजी एकता समाज ,Dadameta Samaugi Unity Society,,"Mahadevsthan-09, Baitadi",,,,,,,
Baitadi,"डोटेली भाषा संस्कृति, कला विकास लै भगिरथ प्रगतिशील सामुदायिक अध्ययन केन्द्र ","Doteli Language Cultural, Art Development Lai Bhagiratha Progressive Community Studies Centre",,Melauli-6,,,,,,,
Baitadi,सनराईज युवा क्लव नेपाल ,Sunrise Youth Club Nepal,,Shankarpur-5,9741054450,,dhoram_awasthi@yahoo.com,,,,
Baitadi,समाज विकास सरोकार केन्द्र ,Social Development Concern Centre,,Deuleka -3,095-690124,,dalbahadur23@gmail.com,,,,
Baitadi,विकासोन्मुख युवादीप समुदाय  ,Developing Yuwadeep Community ,,Mahadevsthan-4,,,,,,,
Baitadi,सर्वोहित सामुदायिक विकास युवा क्लव,Sarbohit Community Development Youth Club,,Kotila-6,,,,,,,
Baitadi,मानव अधिकार तथा समाजसेवा केन्द्र,Human Right and Sicial Service Center,,"Dasharathchand, Municipality-1",095-520268,,,,,,Human Right Education
Baitadi,अनिरुद्र ग्रामिण सुधार केन्द्,Anirudra Rural Reformative Center,,Shankarpur-05,095-520374,,ambaawasthi@gmail.com,,,,"Agriculture, Livestock, Drinking Water and Sanitation, and Skill Development"
Baitadi,डोटेली भाषा संस्कृति विकास केन्द्र,"Doteli Language Cultural,  Development Centre",,"Melauli-06, Baitadi",,,,,,,
Baitadi,नेपाली रिनो सर्कल,Nepali Rino Circle,,Melauli-01,096-690231,,,,,,
Baitadi,श्री कोट भैरव सामुदायिक विकास केन्द्र,Shree Kot Bhairab Community Development Centre,,"Chaukham, Baitadi",095-690108,,,,,,
Bajhang,गॉउ बिकास कार्यक्रम केन्द्र,Village Development Porgram Centre,VDPC,Chainpur-1,019-461506,,,,,,
Bajhang,विज्ञान प्रविधी तथा वातावरण प्रवर्धन समिति,Science Technology and Enviroment Promotion Committee,STEPC,Chainpur-1,,,,,,,
Bajhang,मष्टाजन युवा क्लब,Mastajan Youth Club,MYC,Chamena-5,,,,,,,
Bajhang,साइपाल युवा क्लब,Saipal Youth Club,SYP,Rithapata-6,,,,,,,
Bajhang,हनुमान महिला क्लब,Hanuman Women Club,HWC,Chainpur-8,,,,,,,
Bajhang,चन्द्रदीप युवा क्लब,Chandradeep Youth Club,CYC,Byasi-8,,,,,,,
Bajhang,सामाजिक तथा प्रविधिक विकास सेवा समूह,Group for Social and Technical Development Service,,Chainpur-1,092-421311,,bajhangorg2067@gmail.com,,9749002850,Kalak Khatri,"Agriculture, Forest, and Health"
Bajhang,सूर्मा बिकास समाज,Surma Development Society,SDS,Daulichor-5,,,,,,,
Bajhang,दुर्गम क्षेत्र जनजाति बिकास समिति,Remote Area Janajati Development Committee,,Melbisaula-1,,,,,,,
Bajhang,छविस ग्रामीण चेतनालय,Chabis Gramin Chetanalya,,Chainpur-1,421117,,,,,,
Bajhang,गरिव उत्थान तथा वातावरण सुधार ,Poverty Upgrading and Environment Improvement,,Rithapata-4,421111,,,,,,
Bajhang,हरिजन सामुदायीक विकास कार्यक्रम ,Harijan Community Development Program,HCDP,Chainpur-1,,,,,,,
Bajhang,दलित उत्थान युवा समाज ,Lower Caste Upgrading Youngers Society,LCUYS Baglung,Chainpur-1,092-690185,,lcuys@gmail.com,,9749022489,Ganesh Kami,"Income Generation, Physical Infrastructure, Capacity Building, Social Mobilization, Education and Health"
Bajhang,ग्रामीण वातावरण सुधार समिति ,Rural Environment Improvement Committee,REIC,Chainpur-1,421124,,,,,,
Bajhang,भूमिदेव सामाजिक जागारण समिति,Bhumidev Social Awareness Committee,,Daulichaur-5,,,,,,,
Bajhang,गरिवी निवारण तथा नागरिक सशक्तिरण नेपाल ,Poverty Allevation and Public Empowerment Nepal,,Chainpur-1,421123,,,,,,
Bajhang,कृषि शिक्षा तथा स्वास्थ्य प्रवर्धन सेवा समाज ,Agriculture Education and Health Promotion Service Group,,Chainpur-1,,,,,,,
Bajhang,दुर्गम क्षेत्र विकास तथा अनुसन्धान केन्द्र ,Remote Area Development and Research Centre,,Chainpur-1,,,,,,,
Bajhang,शान्ति जनजागृति तथा प्रगतिशलि समाज ,Peace Public Concious And Progressive Society,,Kadel-8,,,,,,,
Bajhang,समाज विकास तथा सचेतन केन्द्र   ,Society Development and Awarenss Centre,,Chaminpur-1,421120,,,,,,
Bajhang,महिला अधिकार मञ्च,Women Right Forum,,Chainpur-1,092-421313,,wrf.bajhang@gmail.com,,9749002812,Juna Jagri,Women Concern
Bajhang,ग्रामीण समाज विकास समिति ,Rural Society Development Committee,RSDC,Ridha-5,,,,,,,
Bajhang,सामुदायिक विकास कार्यक्रम समूह ,Community Development Program Group,,Rayal -1,,,,,,,
Bajhang,ग्रामीण समाज विकास मञ्च ,Rural Society Development Forum,,Matela-7,421117,,,,,,
Bajhang,दलित जनजाति गैर संस्था समन्वय समिति ,Dalit Janajati NGOs Coordination Committee,,Chainpur-1,421124,,,,,,
Bajhang,ग्रामीण विकास तथा अनुसन्धान केन्द्र ,Rural Development and Research Centre,,Rithapata-2,,,,,,,
Bajhang,मानसरोवर अपि हिमाल विकास केन्द्र ,Mana Sharobar Api Himal Development Board,,Chainpur-1,,,,,9759001239,Indra B. Bhandari,
Bajhang,सुख समाज विकास केन्द्र ,Sukha Samaj Bikas Kendra,SSDC,Chainpur-1,092-421014,,so.pragati@yahoo.com,,9749002535,Omjang B. Shing,"Health, Education, Agriculture, Tourism, Social Development etc"
Bajhang,ग्रामीण सशक्तिकरण मञ्च,Rural Empowerment Forum,,Kotbhairab-3,,,,,,,
Bajhang,मानव अधिकार चेतना अभिवृद्धि केन्द्र ,Human Rights Awareness Progress Centre,,Chainpur-1,019-421503,,,,,,
Bajhang,गरिवी निवारण सहयोग समिति ,Poverty Allevation Helping Committee,,Chainpur-1,,,,,,,
Bajhang,दलित महिला पुरुष एकता समाज ,Dalit Women and Men Unity Society,,Chainpur-1,,,,,,,
Bajhang,बझाङ्ग दुग्ध व्यवसायी संघ ,Bajhang Dairy Business Association,,Chainpur-1,421121,,,,,,
Bajhang,बझाङ्ग जडिबुटी व्यवसायी संघ ,Jadibuti Association Of Bajhang ,,Chainpur-1,421111,,,,,,
Bajhang,प्रगतिशील युवा समाज ,Progressive Youth Society,,Rithapata-7,421135,,,,,,
Bajhang,दलित सीप विकास समूह नेपाल ,"Dalit Skill Development Group, Nepal",,Kotebhairab-3,,,,,,,
Bajhang,सामाजिक विकास तथा अनुसन्धान केन्द्र ,Social Development and Research Centre,,Chainpur-1,032-421077,,,,,,
Bajhang,दलित सहयोग समाज ,Dalit Help Society,DHS Bajhang,Lekhagau-7,,,dhs.bajhang@gmail.com,,9749002624,Sunil Damai,
Bajhang,कालुखेती समाज कल्याण युवा समिति ,Kalukheti Society Welfare Youth Committee,,Kalukheti-5,,,,,,,
Bajhang,पश्चिम पहाडी दलित सुधार विकास संस्था ,Western Hilli Dalit Improvement Development Organization,,Parakatne-5,,,,,,,
Bajhang,लालीगुराँस युवा समूह,Laligunras Youth Group,,Majhigaun-6,,,,,,,
Bajhang,शिलादेवी जन उत्थान विकास समूह ,Shiladevi Public Progress Development Group,,Chainpur-1,421113,,,,,,
Bajhang,ग्रामीण वहुमुखी विकास संस्था ,Rural Multiple Development Organization,,Masta-2,,,,,,,
Bajhang,शिवशक्ति युवा समाज ,Shivashakti Youth Society,,Pipalkot-5,,,,,,,
Bajhang,जन जागृति कृषि विकास समिति ,Janajagriti Agriculture Development Committee,,Kotbhairab-3,,,,,,,
Bajhang,ग्रामीण दलित विकास केन्द्र ,Rural Dalit Development Centre,,Sunikot-3,,,,,,,
Bajhang,चौगाउँ जनसेवा समिति ,Chaugaun Public Service Committee,,Daulichaur-8,,,,,,,
Bajhang,वृद्ध अनाथ महिला बालबालिका क्षेत्रीय विकास केन्द्र ,Older Orphan Women Children Regional Development Centre,,Chainpur-1,421077,,,,,,
Bajhang,एकिकृत सामुदायिक वन तथा बहुउद्देश्य कृषक समूह ,Integrated Community Foresty and Multipurpose Farmer Group,,Bhatekhola-8,019-461501,,bashangi_mitra@yahoo.com,,,,
Bajhang,साइपाल बझाङ्ग एकिकृत सामुदायिक वातावरण संरक्षण तथा पर्यटन प्रवद्र्धन सेवा केन्द्र ,Saipal Bajhang Integrated Community Emvironment Protection and Tourism Promotion Service Centre,,Chainpur-1,092-421195,,,,,,
Bajura,गिफ्ट बाजुरा,Gift Bajura,,Mankot -6,,,,,,,
Bajura,पुष्पलाल स्मृती यूवा क्लव,Puspa Lal Memorial Youth Club,,Ku.Ma-4,,,,,,,
Bajura,सामुदायीक विकास समिती,Community Development Committee,,Jugada-1,,,,,,,
Bajura,श्रृजनशील नारी समाज,Srijanshil Women Society,,Kuldevmada-4,,,,,,,
Bajura,ग्रामीण स्वाबलम्बन विकास संस्था,Rural Self Reliance Development Organization,,Manakot-8,,,,,,,
Bajura,श्रृजनशील ग्रामीण परिषद,Creative Development Rural Council,,Kolti-3,,,,,,,
Bajura,चातपर्व पुजा तथा समाज सेवा सुधार समिती,Chatparba Puja Tatha Samaj Sewa Sudhar Samiti,,Martdi-2,,,,,,,
Bajura,जन जागृती यूवा परिवार,Jana Jagriti Yuwa Pariwar,,Kailasmandu-6,,,,,,,
Bajura,सामुदायिक विकास श्रोत केन्द्र,Community Development Resource Centre,,Jugada-8,,,,,,,
Bajura,मालिका एकिकृत सामाजिक सेवा,Malika Integrated Social Service,,Martadi-5,,,,,,,
Bajura,जनचेतना संस्था,Public Awareness Organization,,Gotri-2,,,,,,,
Bajura,ग्रामिण विकास केन्द्र,Rural Development Centre,,Kailasmandu-5,,,,,,,
Bajura,मावन अधिकार तथा समाज विकास केन्द्र (चस्ड),Human Rights and Social Development Centre,,Kuldevmandu-6,,,,,,,
Bajura,समाज सेवा नेपाल,Society Service Nepal,,Kuldevmandu-4,,,,,,,
Bajura,पीसविन,Peace Bin,,Aatichaur-4,081-526934,,peacewin_bjr@ntc.net.np,,,,
Bajura,मानव संशाधन केन्द्र,Human Resource Centre,,Martadi-5,097-540317,,,,,,
Bajura,स्थानीय क्षेत्र विकास मञ्च ,Forum of Local Area Development ,,Kuldevmandu-2,541040,,,,,,
Bajura,गरिमा समाज नेपाल ,Garima Samaj Nepal,,"Jugada,Rajali-9",,,,,,,
Bajura,ग्रामीण चेतना तथा विकास समाज ,Rural Awareness and Development Society,,Martadi-5,,,,,,,
Bajura,जनचेतना तथा सामाजिक जागरण मञ्च नेपाल ,Forum For Awareness and Social Activity ,,Martadi,,,,,,,
Bajura,एकिकृत ग्रामीण विकास तथा सचेतना केन्द्र ,Integrated Rural Development and Awareness Centre,,"Budhiganga 4,5",,,,,,,
Bajura,भिजन नेपाल ,Vision Nepal,,Kuldevmandu-8,,,,,,,
Bajura,श्री सामाजिका रुपान्तरणका लागि स्थानीय प्रयास ,Local Initiation for Shree Social Transformation,,Martadi-5,,,,,,,
Bajura,स्वच्छ वातावरण तथा स्थानीय श्रम संगठन ,Safe Environment and Local Labor Organization,,Martadi-5,097-541115,,,,,,
Bajura,मातृभूमि विकास मञ्च ,Matribhumi Bikas Manch,,,,,,,,,
Bajura,ग्रामीण पुनर्निमाण विकास केन्द्र ,Rural Reconstruction Development Centre,,,,,,,,,
Bajura,विकासका लागि सामुदायिक संस्था नेपाल ,Community Organization Nepal for Development,,,,,,,,,
Bajura,महिला विकास मञ्च ,Women Development Forum,,,019-561007,,,,,,
Bajura,ग्रामीण विकास सरोकार मञ्च ,Rural Development Concern Forum,,,,,,,,,
Dadeldhura,महिला मुक्ति समाज,Women Deliverence Society,,Amargadhi-5,,,,,,,
Dadeldhura,बहुद्देश्यीय बिकास समाज,Multipurpose Development Society,MPDS,Amargadhi municipality Ward no- 5,096-420032,,mpds_dadel@yahoo.com,,9848722129,,
Dadeldhura,सेतो गुराँस बाल बिकास सेवा,Seto Gurans Children Development Centre,,Amargadhi-5,,,,,,,
Dadeldhura,"सामुदायिक सचेतना तथा विकास समाज, डडेल्धुरा",Community Awarness and Development Society,CWDS,Amargadhi-4,420407,,,,,,
Dadeldhura,श्री बासुलिङ्ग जन सेवा यूवा क्लब,Shree Basuling Public Service Youth Club,,Chipur-2,,,,,,,
Dadeldhura,बालबालिका तथा महिला जनचेतना विकास केन्द्र,Children and Women Public Awareness Development Centre,,Amargadhi-5,,,,,,,
Dadeldhura,यूवा बेरोजगार सेवा केन्द्र,Yuwa Berojgar Sewa Kendre,,Nawadurga-4,,,,,,,
Dadeldhura,ज्योती प्रगतिशिल युवा क्लब,Joyti Progressive Youth Club,,Koteli-4,,,,,,,
Dadeldhura,नेपाल सोसियल डेभलपमेन्ट प्रोग्रम,Nepal Social Development Program,,Bagbazar,,,,,,,
Dadeldhura,ग्रामीण गरिवि निवारण अभियान,Rural Poverty Allevation Campaign,,Amargadhi-5,,,,,,,
Dadeldhura,मिडिया तथा वातावरण बिकास समाज,Media and Environment Development Society,,Amargadhi-5,,,,,,,
Dadeldhura,त्रिलोचल जनएकता युवा क्लब,Trilochan Janaekata Yuwa Club,,Bhadrapur,,,,,,,
Dadeldhura,अम्बिका युवा क्लब,Ambika Youth Club,,Kailpalmandu-1,,,,,,,
Dadeldhura,महाभारत समाज सुधार समिति,Mahabharat Society Improvement Committee,,Bagarkot-5,,,,,,,
Dadeldhura,वेताल त्रिशक्ति यूवा क्लब,Betal Trishakti Youth Club,,Ajyameru,,,,,,,
Dadeldhura,हिमालय ग्रामीण प्राकृतिक स्रोत व्यवस्थापन महिला समूह,Himalaya Rural Natural Resource Management Women Group,,Amargadhi-5,,,,,,,
Dadeldhura,ग्रामिण महिला विकास तथा एकता केन्द्र,Rural Women Development and Unity Centre,,Bagbazar,,,,,,,
Dadeldhura,मानव अधिकार जन जागरण केन्द्र,Human Rights Movement Awareness Centre,HRMAC,Amargadhi municipality Ward no- 4,096-420147,,hrmacnepal@yahoo.com,,9749503930,,
Dadeldhura,सुन्दर सुदूर पश्चिमाञ्चल,Sundar Sudur Paschimaanchal,,Amargadhi -5,,,,,,,
Dadeldhura,डागेश्वरी जनचेतना,Dageswori Janachetana,,Dewaldibyapur-3,,,,,,,
Dadeldhura,एकिकृत विकास समाज,Integrated Development Society,IDC,Amargadhi-5,096-420179,,,,,,
Dadeldhura,सामाजिक जागरण मञ्च,Social Awarness Forum,SAF,Amargadhi-5,,,,,,,
Dadeldhura,वेताल सामुदायिक ग्रामिण सुधार सेवा संघ,Betal Community Rural Improvement Service Organization,,Ajyameru-5,,,,,,,
Dadeldhura,पर्यटन विकास तथा वातावरण संरक्षण केन्द्र,Tourism Development and Safeguarding Environment Centre,EPC,Amargadhi-5,096-420493,,,,,,
Dadeldhura,न्यू भुवन क्लब,New Bhuwan Club,NBC,Koteli-7,,,,,,,
Dadeldhura,स्वास्थ्य तथा सामुदायिक विकास परियोजना,Health and Community Development Project,,Tufandanda,096-420498,,,,,,
Dadeldhura,सामाजिक वातावरण तथा उधम विकास समाज,Social Environment and Enterprise Development Society,,"Amargadhi municipality Ward no- 5, Tufandanda",096-420631,,bds_dadeldhura@gmail.com,,9848769242,,
Dadeldhura,आधुनिक मौरी पालन संघ,Modern Bee Farming Organization,,,096-420479,,,,,,
Dadeldhura,माता उग्रतारा बहुद्देश्यीय विकास समाज,Mata Ugratara Multipurpose Development Society,,Amargadhi-5,096-420402,,rdeuba@hotmail.com,,,,
Dadeldhura,भागेश्वर युवा क्लब,Bhageswor Youth Club,,Shirsa-7,019-64111,,,,,,
Dadeldhura,जिल्ला अपाङ्ग कल्याण समिति,District Disable Welfare Committee,,Amargadhi-5,096-420382,,,,,,
Dadeldhura,ग्रामिण वातावरण विकास केन्द्र,Rural Environment Development Centre,REDC,"Amargadhi municipality Ward no- 5, Tufandanda",096-420671,,redcdadel@gmail.com,,9749500846,,
Dadeldhura,सामुदायिक विकास तथा सामाजिक न्याय मञ्च,Forum For Community Development and Social Justice ,,Amargadhi-5,096-420147,,,,,,
Dadeldhura,राष्ट्रिय दलित समाज कल्याण संघ,National Dalit Society Welfare Organization,,Amargadhi-5,4020538,,,,,,
Dadeldhura,ग्रामिण समाज सुधार केन्द्र,Rural Society Improvement Centre,,"Dewal-7, Dadeldhura",096-420147,,palpadam@yahoo.com,,9749503930,,
Dadeldhura,उद्धार संघ,Rescue Organization,,Amargadhi-5,,,,,,,
Dadeldhura,सि.एम.ए.संघ,C.M.A. Organization,,Bagbazar,420390,,,,,,
Dadeldhura,चुरे संरक्षण सामुदायिक वन,Chure Protection Community Foresty,,Jogbuda,,,,,,,
Dadeldhura,इकार्डस् नेपाल,Ikardas Nepal,,,01-4499114,,ecards_dedldhura@yahoo.com,,,,
Dadeldhura,ग्रामिण सुधार मञ्च,Rural Improvement Fourm,,Amargadhi-5,,,,,,,
Dadeldhura,दिगो उद्यम तथा महिला,Sustainable Enterprise and Women,,,096-420474,,,,,,
Dadeldhura,ग्रामिण विकास प्रवद्र्धन केन्द्र,Rural Development Promotion Centre,RDPC,"Amargadhi municipality Ward no- 5, Dadeldhura",096-420147,,dadeldhurardpc@yahoo.com,,9749517954,,
Dadeldhura,ग्रामिण शशक्तिकरण केन्द्र,Rural Empowerment Centre,,Kritipur,096-420429,,,,,,
Dadeldhura,सहश्रलिंग असल शासन सामुदायिक विकाश मञ्च,Saharsaling Good Governance Community Development munch,,Amargadhi-8,,,,,,,
Dadeldhura,शान्ति युवा क्लव,Shanti Youth Club,,Shanti-8,019-464111,,,,,,
Dadeldhura,ग्रीन क्लब डडेलधुरा,Green Club,,Khalanga,096-420447,,,,,,
Dadeldhura,शुभ समैजी युवा क्लब,Shuva Samaiji Youth Club,,Manileka-9,,,,,,,
Dadeldhura,मिलन युवा क्लब,Milan Youth Club,,Asigram-7,,,,,,,
Dadeldhura,एकिकृत ग्रामीण विकासका लागि साथी समाज–नेपाल,Friends Society Nepal for Integrated Rurla Development,,Amargadhi-5,096-420572,,bbgurung_100@yahoo.com,,,,
Dadeldhura,नगर तथा ग्रामीण विकास मञ्च,Urban and Rural Development Forum,,Amargadhi-5,096-420523,,,,,,
Dadeldhura,आधारभूत सामुदायिक टेवा कार्यक्रम ,Basic Community Priority Program,,Amargadhi-5,,,amarbdr_pun@yahoo.com,,,,
Dadeldhura,महादेव सामुदायिक विकास मञ्च,Mahadev Community Development Forum,,Rupal-5,096-690002,,,,,,
Dadeldhura,ग्रामीण महिला विकास तथा एकता केन्द्र ,Rural Women Development and Unity Centre,,Amargadhi-5,,,,,,,
Dadeldhura,सहिद भिमदत्त स्मृति मञ्च,Sahid Bhimdatta Memorial Forum,,Amargadhi-5,096-420635,,,,,,
Dadeldhura,घटाल असल शासन सामुदायिक विकास मञ्च ,Ghatal Good Governance Community Development Forum,,Amargadhi-5,096-420088,,,,,,
Dadeldhura,उग्रतारा साहित्य तथा साँस्कृतिक प्रतिष्ठान ,Ugratara Literature and Cultural Trust,,Amargadhi-7,096-690016,,,,,,
Dadeldhura,समैजी महलिा विरुद्ध हिंसा रोकथाम समूह ,Samaiji Violence Against Women Control Group,,Katal,,,,,,,
Dadeldhura,सामुदायिक विकास तथा कानुनी अनुसन्धान मञ्च ,Community Development and Legal Research Forum,,Amargadhi-5,096-690131,,,,,,
Dadeldhura,दिगो गाउँ विकास तथा समाज सेवा केन्द्र ,Sustainable Village Development and Social Service Centre,NBC,,096-420548,,,,,,
Dadeldhura,मातृभूमि सेवा समाज ,Matribhumi Sewa Samaj,,Amargadhi-5,096-420548,,,,,,
Dadeldhura,ग्रामीण उद्यम तथा वातावरण विकास केन्द्र ,Rural Enterprise and Environment Development Centre,,Bhadrapur-1,096-690132,,,,,,
Dadeldhura,ग्रामीण सुधार समिति ,Rural Improvement Committee,,Amargadhi-5,096-420385,,,,,,
Dadeldhura,सामाजिक सशक्तिकरण तथा पहुँच विकास केन्द्र नेपाल (सेवक नेपाल),Social Empowerment and Access Development Centre,SEWAC Nepal,Amargadhi-5,096-420064,,,,,,
Dadeldhura,सामुदायिक विकास तथा कानुनी अनुसन्धान टोल ,Community Development and Legal Research Tole,,Amargadhi-5,,,,,,,
Dadeldhura,एकिकृत स्वास्थ्य कर्मी विकास मञ्च ,Integrated Health Person Development Forum,,Amargadhi-5,,,,,,,
Dadeldhura,सामाजिक सशक्तिकरण तथा साक्षरता मञ्च ,Social Empowerment and Literate Forum,,Amargadhi-5,,,,,,,
Dadeldhura,भागेश्वर एकिकृत विकास केन्द्र ,Bhageswor Integrated Development Centre,,Amargadhi-5,420560,,bicertrdadel@yahoo.com,,,,
Dadeldhura,ग्रामीण आधारभूत स्रोत विकास तथा सामुदायिक संरक्षण कार्यक्रम ,Rural Basis Resource Development and Community Protection Program,,Jogbuda-1,019-464111,,,,,,
Dadeldhura,सामाजिक रुपान्तरण तथा आर्थिक विकास मञ्च ,Social Transformation and Economic Development Forum,,Amargadhi-5,096-420158,,,,,,
Dadeldhura,मानव अधिकार तथा सामाजिक विकास मञ्च ,Human Rights and Social Development Forum,,Amargadhi-5,9749502239,,,,,,
Dadeldhura,नेपाल राष्टिय दलित समाज कल्याण संघ,Nepal National Dalit Society Welfare Organization,,Amargadhi municipality Ward no- 5,096-420626,,nnds_dadel@yahoomail.com,,9759501273,,
Dadeldhura,सामुदायिक विकास तथा सामाजिक न्यायमञ्च,Forum for Community Development and Social Justice,,Amargadhi municipality Ward no- 5,096-420751,,palpadam@yahoo.com,,9759500075,,
Dadeldhura,ग्रामिण दलित सुधार समिति,Rural Improvement for Dalit Committee,RIC,"Amargadhi municipality Ward no- 5, Dadeldhura",096-420045,,ricddl@gmail.com,,9759500483,,
Darchula,गोरखनाथ समाज समिति,Gorakhanatha Social Committee,,Khadka-5,,,,,,,
Darchula,संकल्प यूवा क्लव,Sankalpa Youth Club,,Bohari Gaun-1,,,,,,,
Darchula,जन विकास केन्द्र,Public Development Centre,,Darchula-8,,,,,,,
Darchula,समाज कल्याण (क्लव) समाज,Social Welfare Society,,Marma Jamir,,,,,,,
Darchula,गलैनाथ जनसेवी संस्था झरकडा,Galainatha Public Service Organization,,Bohari Gaun-1,,,,,,,
Darchula,अपि सामुदायिक विकास केन्द्र,Api Community Development Centre,,Khalanga-5,,,,,,,
Darchula,ग्रामिण स्रोत परिचालन समाज,Rural Resource Mobilization Society,,Gokuleswor-8,,,,,,,
Darchula,मूनलाइट युवा क्लब शंकरपुर,Moon Light Youth Club ,,Saikarpur-1,,,,,,,
Darchula,दार्चुला विकास संगठन,Darchula Development Organization,,Khalanga-5,,,,,,,
Darchula,जगन्नाथ ग्रामीण विकास समाज,Jagnnath Rural Development Society,,Dhap-2,,,,,,,
Darchula,मार्मली युवा क्लब,Marmali Youth Club,,Dhuligada-5,,,,,,,
Darchula,जनस्वास्थ्य वातावरण तथा कृषि विकास संघ,Public Health Environment and Agriculture Development Organization,,Khalanga,,,,,,,
Darchula,सामुदायिक स्वच्छ वातावरण संरक्षण संघ,Community HealthyEnvironment Conservation Organization,,Khalanga-4,,,,,,,
Darchula,न्यू हिमालय युवा क्लव हुती,New Himalaya Youth Club ,,Huti-8,,,,,,,
Darchula,समाज सुधार युवा समाज,Social Improvement Youth Society,,Khandeswori-6,,,,,,,
Darchula,मार्कण्डेय विकास समुदाय,Markandeya Development Community,,Khalanga,,,,,,,
Darchula,जन सेवा संघ,Public Service Organization,,Khalanga-4,,,,,,,
Darchula,सामाजिक विकास केन्द्र,Social Development Centre,,Khalanga,,,,,,,
Darchula,दार्चुला अपाङ्ग संघ,Darchula Disable Organization,,Khalanga-4,,,,,,,
Darchula,अपि एकिकृत विकास कार्यक्रम,Api Integrated Development Program,,Khalanga-5,,,,,,,
Darchula,सामाजिक सचेतना समुह,Social Awareness Group,,Khalanga-4,,,,,,,
Darchula,"महिला एकिकृत विकास एवं सशक्तिकरण, नेपाल","Women Integrated Development and Empowerment, Nepal",,Khalanga-5,,,,,,,
Darchula,व्याँसी शौका समाज,Byasi Shauka Society,,Khalanga,,,,,,,
Darchula,राजाकोठ युवा क्लव,Raja Kotha Youth Club,,Rapla,,,,,,,
Darchula,युवा सचेतना तथा ग्रामीण विकास केन्द्र,Youth Awareness and Rural Development Centre,,Gwani-6,,,,,,,
Darchula,समाज ुसुधार युवा समाज,Social Improvement Youth Society,,,,,,,,,
Darchula,वातावरण संरक्षण केन्द्र,Emvironment Protection Centre,,,,,,,,,
Darchula,महिला कल्याण समाज,Women Welfare Society,,,,,,,,,
Darchula,धम्पनेरा सामुदायिक महिला सशक्तिकरण संस्था,Dhampanera Community Women Empowerment Organizaiton,,Chhaprai-7,,,,,,,
Darchula,श्री दुहूँ विकास समाज धारी दार्चुला ,Shree Duhu Development Society ,,"Dhari-3, Pokse",9749507872,,,,,,
Darchula,ग्रामीण वातावरण तथा उद्यम विकास समाज नेपाल ,Rural Environment and Interprise Development Society,,Khalanga-4,93420432,,darchula@medep.org.np,,,,
Darchula,प्रगतिशील युवा मञ्च ,Forum For Progressive Youth ,,Khalanga-5,,,,,,,
Darchula,जनहित युवा समाज ,Public Welfare Youth Society,,"Yearkot-6, Laksai",,,,,,,
Darchula,राष्ट्रिय ग्रामीण विकेन्द्रिकरण संस्था ,National Rural Decetralization Organization,,Hunainath-6,,,,,,,
Darchula,मिडिया विकास समाज नेपाल ,Media Development Society,,Khalanga-4,,,,,,,
Darchula,प्राकृतिक संरक्षक युवा क्लव ,Natural Protection Youth Club,,Khalanga-5,9749507509,,,,,,
Doti,समाज सेवा डोटी,Social Service Doti,,Dipayal Silgadhi-2 Indra Chock,094-420523,,,,,,
Doti,ग्रामीण विकास सेवा केन्द्र,Rural Development Service Centre,,Latamandu,,,,,,,
Doti,सामुदायिक विकास केन्द्र ,Community Development Centre,,Dipayal Silgadhi-1Saileswori Tole,094-420381 ,,cdcdoti@ntc.net.np,,,,
Doti,श्री ग्रामीण समाज सेवा युवा क्लब,Shree Rural Society Service Youth Club,,Toleni-6,094-420570,,,,,,
Doti,गरिमा समाज नेपाल,Garima Samaj Nepal,,Daud -3,,,,,,,
Doti,मानव अधिकार तथा जन सेवा केन्द्र,Human Rights and Public Service Centre,,Silgadhi-1,094-420158,,,,,,
Doti,जन चेतना तथा सेवा केन्द्र,Public Awareness and Service Centre,,Dipayal Silgadhi-1,094-420268,,,,,,
Doti,सामुदायक  विकास मञ्च नेपाल,Community Development Forum Nepal,,"Daud-6,Nachanthali",094-420363,,,,,,
Doti,कालिका  युवा क्लब,Kalika Youth Club,,Katiwada VDC-5,,,,,,,
Doti,सिर्जनशिल  यूवा एकता समुह,Creative Youth Unity Group,,Lanakedareswor-5,,,,,,,
Doti,एकिकृत सामाजिक विकास समूह,Integrated Social Development Group,,"Aadarsha-7, Silgadhi",094-420568,,,,,,
Doti,सुर्योदय एकता केन्द्र,Suryodaya Ekta Kendra,,Daud-6,,,,,,,
Doti,गोलेदेउला यूवा क्लब,Goledeula Youth Club,,Khatiwada VDC-1,,,,,,,
Doti,महिला सशक्तिकरण अभियान,Women Empowerment Campaign,,Dipayal Silgadhi-2,,,,,,,
Doti,प्रतिभा कल्यान समिति,Prativa Welfare Committee,,Silgadhi-3,,,,,,,
Doti,वातावरण तथा मानव संसाधन विकास समाज नेपाल ,Environment and Human Resource Development Society Nepal,,Chautara,,,,,,,
Doti,श्री संगम समाज सुधार यूवा क्लब,Shree Sangam Samaj Sudhar Youth Club,,Daha Kalika Sthan,,,,,,,
Doti,केदार यूवा जनजागरण मिलन केन्द्र,Kedar Youth Public Awareness Milan Kendra,,Lanakedareswor-2,,,,,,,
Doti,मानव अधिकार तथा सार्वजनिक सरोकार समाज–नेपाल,Human Rights and Public Concern Society Nepal,,Silgadhi-1,,,,,,,
Doti,सम विकास केन्द्र,Equall Development Centre,,Silgadhi-4,094-420009,,samavikas@ntc.net.n,,,,
Doti,विकास समूह नेपाल,Development group Nepal,,,094-420176,,,,,,
Doti,जोरायल विकास केन्द्र,Jorayal Development Centre,,Laxminagar,091-420283,,,,,,
Doti,सृजनशील विकास समाज नेपाल,Srijanshil Development Society Nepal,,Sanagaun-4,094-420562,,,,,,
Doti,ग्रामीण पहुँच विकास केन्द्र,Rural Access Development Centre,,Bajhakakani,,,govindakhadka@rade.org,,,,
Doti,वहुउदेश्यीय स्वावलम्वी विकास केन्द्र,Multipurpose Self-Help Development Centre,,Chatiwan-5,096-470000,,,,,,
Doti,सामुदायीक विकास केन्द्र ,Community Development  Centre,,Jijaudamandu,,,,,,,
Doti,ग्रामीण जागृत युवा क्लव (यो संस्थाको नाम परिवर्तन भै ८ नं. भएको),Rural Jagrit Youth Club,,Daud-6,,,,,,,
Doti,नवकिरण यूवा क्लब ,Nabikarn Youth Club,,Manna Kapadi-5,,,,,,,
Doti,"ग्रामीण विकास केन्द्र, नेपाल ",Rural Development Centre,,Daud-8,420513,,dalbahdur_doti@yahoo.com,,,,
Doti,योङ्ग एडुकेशन नेपाल ,Young Education Nepal,,Dipayal Silgadhi-1,094-420261,,chkathayat@hotmail.com,,,,
Doti,सुदूर पश्चिमाञ्चल वातावरण विकास समाज ,Far Western Environment Development Society,,Dipayal Silgadhi-2,094-420559,,,,,,
Doti,महिला शक्ति नेपाल ,Women Empowerment Nepal,,Dipayal Silgadhi-1,420573,,,,,,
Doti,समान पहुँच विकास केन्द्र ,Equal Access Development Centre,,Pachanali-6,440722,,,,,,
Doti,सेतो गुराँस बाल बिकास सेवा ,Seto Gurans  Children Development Centre,,Dipayal Silgadhi-2,420381,,,,,,
Doti,केदारेश्वर सामाजिक उत्थान समूह ,Kedareswor Social Progressive Group,,Dipayal Silgadhi-11,094-420124,,kbikram_m@yahoo.com,,,,
Doti,युवा हातेमालो नेपाल ,Youth Hatemalo Nepal,,"Mahadevsthan-1, Kinnekada Tole",091-24858/9749009608,,moshd77@yahoo.com,,,,
Doti,मानव तथा वातावरणीय विकास केन्द्र ,Human and Environment Development Centre,,Satfari-4,094-440417,,,,,,
Doti,ग्रामीण समुदाय विकास केन्द्र ,Rural Community Development Centre,,"Ghangla-6, Chawala",,,,,,,
Doti,प्राविधिक सामाजिक विकास सेवा ,Technology Social Development Service,,"Dipayal Silgadhi-1, Nachnthali",094-420071,,,,,,
Doti,जनजागरण समाज सुधार नेपाल ,Public Awareness Society Improvement Nepal,,,,,,,,,
Doti,ग्रामीण जागरण समाज नेपाल ,Rural Awareness Society Nepal,,Dahakalikasthan-1,,,,,,,
Doti,दुर्गम ग्रामीण विकास केन्द्र ,Remote Rural Development Centre,,Dirghamandu -2,,,,,,,
Doti,समाज विकास केन्द्र ,Social Development Centre,,Girichauka-9,,,,,,,
Doti,समाजसेवी युवा क्लव सबखोला ,Social Worker Youth Club Sabkhola,,Girichauka,,,,,,,
Doti,सहभागितामूलक समाज विकास नेपाल ,Participatory Social Development Nepal,,"Saraswati-7, Rautkatte",,,,,,,
Doti,राष्ट्रिय समाज विकास केन्द्र ,National Social Development Centre,,Dipayal Silgadhi-1,,,,,,,
Doti,ग्रामीण उत्थान समाज सेवा नेपाल ,Rural Progressive Social Service Nepal,,Chhatiwan-4,,,,,,,
Doti,परिवर्तन विकास समाज नेपाल ,Changing Development Society Nepal,,"Laxminagar-2, Jorayal",091-694574,,,,,,
Doti,समाज सहयोग नेपाल ,Social Helping Nepal,,"Sanagaun-2, Ringkot",094-690074,,,,,,
Doti,जनसेवा केन्द्र ,Public Service Centre,,Dipayal Silgadhi-1,,,,,,,
Doti,सामुदायिक विकास सेवा केन्द्र ,Community Development Service Centre,,"Khirsain-4, Gairaghar",094-420308,,,,,,
Doti,नेपाल एकिकृत विकास समाज ,Nepal Integrated Development Society,,Dipayal Silgadhi-2,094-420032,,nidsdoti@gmail.com,,,,
Doti,अपाङ्ग सेवा संघ ,Disabled Service Association,,Dipayal Silgadhi-2,094-420093,,bharatimahadav@gmail.com,,,,
Doti,पश्चिम सिर्जनशील समाज ,Western Creative Society,,Gadhasera-3,094-440072,,tekendra1982@gmail.com,,,,
Doti,बोक्टान स्रोत विकास समूह ,Boktan Resource Development Group,,"Nirauli, Barchhen-1",091-694569,,,,,,
Doti,मास नेपाल ,Mass Nepal,,"Silgadhi-7, Pipalla",9749018766,,pukarg20099@gmail.com,,,,
Doti,समानता अभियान केन्द्र ,Equal Campaign Centre,,Ranagaun-5,9848476053,,,,,,
Doti,युवा सञ्जाल डोटी ,Youth Network Doti,,"Silgadhi-2, Sailebbari",9848478604,,,,,,
Doti,उर्जा सेवा केन्द्र ,Urja Sewa Kendra,,Daud -2,9848488013,,shinghyb@yahoo.com.np,,,,
Doti,महिला अधिकार मञ्च ,Women Rights Forum,,Silgadhi-2,094-690338,,,,,,
Doti,सामुदायिक सचेतना केन्द्र ,Community Awareness Centre,,Tijanle-3,9848431740,,,,,,
Doti,पश्चिमसेती प्रभावित क्षेत्र जनसरोकार समिति ,Western Seti Effective Area Public Concern Committee,,Mahadevsthan-9,9749008554,,,,,,
Doti,ग्रामीण दलित एकता केन्द्र ,Rural Dalit Unity Centre,,Saraswatinagar-6,9749009377,,,,,,
Doti,टेडी समाज सुधार महिला समिति ,Tedi Social Improvement Women Committee,,Lamikhal-2,,,,,,,
Doti,महिला वातावरण तथा संरक्षण मञ्च ,Women Environment and Protection Forum,,"Silgadhi-1, Nachanthali",094-420045,,,,,,
Doti,सामुदायिक उत्थान अभियान केन्द्र ,Community Progressive Campaign Centre,,Laxminagar-4,094-420234,,virkuti@gmail.com,,,,
Doti,सामाजिक सशक्तिकरण तथा पहुँच विकास केन्द्र (सेवक) नेपाल,Social Empowerment and Access Development Centre Nepal,,"Silgadhi-1, Nachanthali",094-420561,,,,,,
Doti,स्थानीय स्रोत विकास केन्द्र ,Local Resource Development Centre,,Kedar Akhada-2,9759000845,,,,,,
Doti,आधुनिक सीप विकास मञ्च नेपाल,Modren Skill Development Forum Nepal,,Lamikhal-1,9749011648,,kbluhar@hotmail.com,,,,
Kailali,जय केदार ग्रामीण यूवा स्वाबलम्वन केन्द्र,Jaya Kedar Rural Youth Sefl Reliance Centre,,Durgauli-1,,,,,,,
Kailali,नेपाल राष्ट्रिय दलित समाज कल्याण संघ,Nepal National Dalit Society Welfare Oganization,NNDSWA,Dhanagadhi,91522966,,nndswoa@ugratara.com.np,,91522966,chatra telar ,"health, Education, poverty "
Kailali,थारु तथा राजि महिला समाज,Tharu and Raji Women Society,,Khailada-3,,,,,,,
Kailali,सिर्जनशिल समाजको सिर्जना,Creation of Creative Society,ccs,Hasanpur-4,o92524013,,ccs@ugratara .com.np,,91524013,Rabin pant ,
Kailali,ग्रामीण चेतना मञ्च,Rural Awreness Forum,,Kailali,,,,,,,
Kailali,महिला विकास समाज,Women Development Society,WDS,Banadevi Road,524858,,wds_np@yahoo.com,,,Bimla Pant,Women empowerment
Kailali,सुकुम्वासी उत्थान समाज,Sukumbasi Upliftment Society,LRS,Geta -8,520015,,Landless@ntc.net.np,,,Chandra Saud,Agriculture
Kailali,कमैया प्रथा उन्मूलन समाज,Kamiya Partah Unmulan Samaj,,Chaumala-3,,,,,,,
Kailali,मानव संशाधन विकास केन्द्र,Human Resource Development Centre,,,,,,,,,
Kailali,सामुदायिक विकास मञ्च,Community Development Forum,,,,,,,,,
Kailali,यूवा जागरण मिलन केन्द्र,Yuwa Jagaran Milan Kendra,,,,,,,,,
Kailali,नवज्योती यूवा क्लव,Nawa Joyti Youth Club,,,,,,,,,
Kailali,सामुदायीक जनशक्ति विकास केन्द्र,Samudayik Janashakti Bikas Kendra,,Setopul,523525,,,,,Dilla Ram Serpali,resical discrimination allivation
Kailali,सुदुर पश्चिम नेपाल नाट्य समुह,Far Western  Nepal Drama Group,,,,,,,,,
Kailali,सामाजिक विकासको लागी सचेत समाज,Conscious Society for Social Development,CSSD,Hasanpur,520176,,ccdk@ntc.net,,,Bal Bahadur Shiladhar,Disaster Preventaion
Kailali,नेपाल दलित उत्थान केन्द्र,Nepal Dalit Progressive Centre,Neduk,Dhangadhi-1,520570,,neduk@yahoo.com,,,Nirpa Odd,"health, Education, poverty "
Kailali,सशक्तिकरण मूल समिति,Empowerment Main Committee,,Urma,,,,,,,
Kailali,सामुदायिक ग्रामिण विकास केन्द्र,Community Rural Development Centre,,Dhangadhi,,,,,,,
Kailali,सुदूर पश्चिमाञ्चल नेपाल साँस्कृतिक समूह,Far Western  Development Nepal Cultural Group,,,,,,,,,
Kailali,एकता समाज श्रीपुर,Unity Society Shreepur,,Shreepur,,,,,,,
Kailali,युवा जन कल्याण मिलन केन्द्र,Youth Awakening Centralizeation Point,,,,,,,,,
Kailali,बाल कल्याण संघ,Welfare Association For Children ,,Tikapur-9,,,,,,,
Kailali,ग्रामिण महिला कल्याण सेवा केन्द्र,Rural Women Welfare Service Centre,,,,,,,,,
Kailali,जन चेतना समाज,Public Awareness Society,PAS,Chamaula-3,091-529125,,pas_09@yahoo.com,,,Prem Raj Ojha,"Helth, education and income generation"
Kailali,समग्र महिला विकास केन्द्र,Whole Women Development Centre,,Tikapur-9,091-560537,,,,,Binita Karki,Women and Dalit
Kailali,सर्वाङ्गिण विकास केन्द्र,Sarwangin Bikas Kendra,HDC,Dhangadhi-1,24417,,,,,Ramesh Basnet,
Kailali,जन चेतना तथा युवा जागरण मंच–नेपाल,Public Conscious and Youth Awareness Fourm Nepal,FAYA Nepal,Dhangadhi-5,524329,,fayanepal@hotmail.com,,,Dhanpati Dhungel,Women empowerment
Kailali,सामाजिक जागरण तथा द्वन्द्व व्यवस्थापन समाज,Social Awareness and Conflict Settlement Society,,Dhangadhi-4,522415,,,,,,
Kailali,सामाजिक रुपान्तरण केन्द्र,Social Transformation Centre,CST,Dhangadhi-1,091-5245547,,,,,Bala Ram Bhattarai,Legal advocacy and human right
Kailali,सामाजिक परिवर्तनका लागि महिला जागरण मंच नेपाल,Women Awareness Forum for Social Change,,Dhangadhi,91,,,,,,
Kailali,महिला सशक्तिकरण अभियान,Women Empowerment Campaign,,Dhangadhi-3,521585,,,,,,
Kailali,समाज विकासमा गतिशिलता,Mobility in Social Development,DIDS,Kailali,523585,,didskailali@yahoo.com,,,Ram Bahadur Deuba,"Human Right, women and agriculture"
Kailali,सृजनशील महिला समाज,Creative Women Society,SCW,Dhangadhi-5,520664,,scw@yahoo.com,,,Sakuntala Bhatta,Income generation and skill development
Kailali,आवास तथा सामुदायिक साझेदारी विकास संस्था,Voice and Community Partnership Development Organization,,,,,,,,,
Kailali,सामाजिक विकास केन्द्र,Social Development Centre,,Dhangadhi-8,520153,,,,,Chandra Tamrakar,Literacy
Kailali,आदर्श सेवा समाज,Aadarsha Sewa Samaj,,Dhangadhi-8,091-522622,,,,,,
Kailali,नेपाल दलित एवं जनजाती एकता समाज सेवा संस्था,Nepal Dalit and Janajati Unity Social Service Organization,,Dhangadhi-12,,,,,,,
Kailali,दलित जागरण केन्द्र,Centre For Dalit Empowerment,,Dhangadhi-1,091-524540,,,,,,
Kailali,दलित जनजागरण तथा शैक्षिक मञ्च,Dalit Public Awareness and Educational Forum,,Dhangadhi-12,520091,,,,,,
Kailali,असहाय अविकसित तथा पछौटे समुदायको सशक्तिकरण,Empowerment for Helpless Disadvanced and Backward Communities,,Dhangadhi,522929,,,,,,
Kailali,सामाजिक सेवा विकास केन्द्र,Social Service Development Centre,,Tikapur-9,091-560279,,,,,,
Kailali,द्वन्द पिडित सहायता केन्द्र,Conflict Victim Helping Centre,,Dhangadhi-5,091-520842,,,,,Gopal Bdr Deuba,"health, Education, poverty "
Kailali,एकीकृत समाज विकास केन्द्र–नेपाल,Integrated Social Development Centre- Nepal,CISD,Dhangadhi-4,523715,,cisd_nepal@yahoo.com,,,Devi prasad khanal,Social development
Kailali,कैलाली अपाङ्ग संघ,Kailali Disabled Organization,,Tikapur-14,560684,,,,,,
Kailali,हामी,Hami,,Tikapur-9,560425,,,,,,
Kailali,पिडित मुक्ति समाज ,Victim Freedom Society,,Gadariya -4,621009,,,,,,
Kailali,राष्ट्रिय दलित नेटवर्क नेपाल ,National Dalit Network Nepal,RDN,Dhangadhi-1,520604,,gaps2rdn@yahoo.com,,,Ganesh BK,Dalit
Kailali,दलित एकता समाज ,Dalit Unity Society,,Lalbojhi -6,,,,,,,
Kailali,टिकापुर प्राज्ञिक समाज ,Tikapur Academic Society,,Tikapur-9,560907,,,,,,
Kailali,समाजको लागि सर्वाङ्गिन सेवा ,Wholistic Ministry For Society,,Dhangadhi-5,522145,,,,,,
Kailali,समाज विकास मञ्च नेपाल ,Social Development Forum Nepal,,Bhajani-3,091-580125,,,,,,
Kailali,वातावरण कृषि तथा ग्रामीण विकास समाज नेपाल ,Environment Agriculture and Rural Development Society Nepal,,Bhajani-5,524224,,,,,,
Kailali,सामुदायिक जनजागरण बहुउद्देश्यीय युवा क्लब,Community Public Awareness Multipurpose Youth Club,,Udasipur-5,091-621000,,,,,,
Kailali,महुन्याल कृषक समाज ,Mahunyal Farmer Society,,Bhajani-3,580127,,,,,,
Kailali,चेतनशील समाज ,Chetanashil Samaj,,Bhajani-3,580112,,,,,,
Kailali,गरिव उत्थान समाज ,Poverty Progressive Society,,Khailad-6,091-580168,,,,,,
Kailali,ग्रामीण विकासका लागि सामुहिक मञ्च ,Collective Forum for Rural Development,,Tikapur-9,091-560606,,,,,,
Kailali,सशक्तिकरण तथा वातावरण संरक्षण मञ्च (सिन नेपाल),society For Empowerment and Environment Conservation Forum Nepal,,Tikapur-9,560051,,,,,,
Kailali,समाज कल्याण विकास केन्द्र ,Social Welfare Development Centre,,Darakha -5,560777,,,,,,
Kailali,ग्रामीण स्वरोजगार सेवा केन्द्र ,Rural Self Employment Service Center,,Dhangadhi-1,091-53560,,,,,,
Kailali,मुश्लिम समाज सेवा ,Muslim Sewa Samaj,,Dhangadhi-1,522190,,,,,,
Kailali,सिर्जनात्मक दिगो विकास समाज ,Creative Sustainable Development Society,CSDS,Godawari-1,9858421159,,,,,,
Kailali,जनउत्थान समाज ,Public Progressive Society,,Lalbojhi -5,091-580214,,,,,,
Kailali,अवसर विकास केन्द्र ,Opportunity Development  Centre,,Dhangadhi-5,9858421282,,,,,,
Kailali,जनचेतना तथा विकास अभियान ,Public Awareness and Development Campaign,,Dhangadhi-1,525027,,,,,,
Kailali,स्वास्थ्य वातावरण र सरसफाई कार्यक्रम ,Health Enviornment and Sanitation Program,,Dhangadhi-5,527062,,,,,,
Kailali,महिला तथा बालबालिका र पर्यावरण प्रवद्र्धन समाज,"Women, Children and Enviornment Promotion Society",,Dhangadhi-5,522455,,,,,,
Kailali,मिलेनियम गौतम मेमोरियल ट्रष्ट ,Mellenium Gautam Memorial Trust,,Dhanagadhi-1,091-524329,,,,,,
Kailali,संजिवनी समाज ,Sanjiwani Samaj,,Dhanagadhi-1,520507,,,,,,
Kailali,विकास आयोजना सेवा केन्द्र नेपाल ,Development Project Service Centre Nepal,,Dhanagadhi-4,9841381370,,,,,,
Kailali,समुदायको लागि वन वातावरण मञ्च नेपाल ,Foresty Environment Forum Nepal for Community,SBBM,Dhangadhi-1,091-525763,,,,,Ser Bahadur Basnet,
Kailali,पैरवी समाज विकास केन्द्र ,Advocacy Society Development Centre,,Dhanagadhi-5,091-525125,,dbli2005@yahoo.com,,,,
Kailali,समाज सेवा समिति ,Society Service Committee,,Chaumala-3,091-621230,,,,,,
Kailali,दिगो विकास समाज ,Sustainable Development Society,,Bhajani-3,091-580214,,,,,,
Kailali,श्री मालिका समुदायिक विकास मञ्च नेपाल ,Shree Malika Community Development Forum Nepal,,"Dhangadahi-2, Bhansar Road",091-526253,,,,,Santos Koirala,
Kailali,दलित उत्पीडित सेवा समाज ,Dippersed Upliftment Of Society,DUSH,"Chuha-3, Tidhari",9848427981,,,,,Gopal Singh B.K.,
Kailali,नेपाल वहुउद्देश्यीय जनकल्याण संस्था  ,Nepal Multipurpose Public Welfare Organization,,Tikapur-9,091-693380,,,,,Ransingh Khada,
Kailali,असहाय सेवा संघ ,Helpless Service Orgnization,,Dhangadhi-5 Hasanpur,091-526670,,,,,Dharma Raj Joshi,
Kailali,आदर्श युवा क्लब ,Aadarsha Youth Club,,"Darakha -7, Saraiya",,,,,,Dharma Nanda Awasthi,
Kailali,कैलाली युनेस्को संगी शिक्षा कार्यक्रम नेपाल ,Kailali UESCO Friends Education Program Nepal,,Taranagar-5,9848420344,,,,,Biswa Prakash Paudel,
Kailali,लोकतान्त्रिक विकास समाज ,Democratic Development Society,,Dhangadhi-2 Santosi Tole,9749006399,,,,,Ram Lal Joshi,
Kailali,ग्रामीण विकास तथा अनुसन्धान केन्द्र ,Rural Development and Research Centre,,Taranagar-5,091-5248816,,,,,Rabin Kanta Pantha,
Kailali,मुक्त कमैया महिला विकास मञ्च  ,Free Kamlahai Women Development Forum,,"Dhangadhi-5 ,Hasanpur",091-692147,,,,,Kausila Chaudhary,
Kailali,तारा महिला समूह ,Tara Women Group,,"Chaumala9-,Kuchauni",9848426635,,,,,Sanchi Chaudahary,
Kailali,"सामाजिक शैक्षिक, संरक्षण तथा वातावरणीय विकास ",Social Educaitonal Protection and Environmental Development,Speed Nepal,Tiakpur-9,560654,,,,,Lalita Sunar,
Kailali,दृष्टि नेपाल ,Dristi Nepal,,"Dhangadhi-3, Bisalnagar",091-524697,,vsndhn@yahoo.com,,,Lal Bd. Thapa,
Kailali,सामाजिक वातावरणीय शिक्षा तथा विकास ,Social Environmental Education and Development,SEED,"Dhangadhi-4, Uttarbehedi",091-523585,,,,,Shree Ram Kepachhaki,
Kailali,सामाजिक कल्याण र सहायता संगठन नेपाल,Social Welfare and Helping Organization,,"Thapapur-5, Antariya",9848426635,,,,,Bal Bahadur Saud,
Kailali,दिगो विकासको लागि सहयोगी हातहरु ,Helping Hands for Sustainable Development,,Dhangadhi-2 Chauraha,9749010478,,,,,Karna Bd. Hamal,
Kailali,समावेशी सामाजिक जनवकालत मञ्च ,Inclusive Social Advocacy Forum,INSAF,"Dhangadhi -1, Shivanagar","091-526401,9848430085",,,,,Parvati Aagri,
Kailali,महिला मुक्ति अभियान नेपाल ,"Women Free Campagin, Nepal",,"Dhangadhi-7, Campus Road","091-520288,9848425294",,,,,Shova Joshi Shrestha,
Kailali,समाज सुधार केन्द्र ,Society Reform Centre,SAC,"Dhangadhi-5, Hasnpur","091-691130,9848421000",,,,,Bhoj Raj Bhandari,
Kailali,मानव अधिकार सचेतन तथा सामाजिक विकास केन्द्र ,Human Rights Awarness and Social Development Centre,,Tikapur-9,9848422398,,huradctkp@yahoo.com,,,Phiru Lal Chaudhary,
Kailali,बसन्ता वन क्षेत्र सामुदायिक वन उपभोक्ता समूह  ,Basanta Forest Area Community Forestry Consumer Group,,Hasuliya-5,091-690003,,,,,Cheduram Chaudhary,
Kailali,महेश स्मृति प्रतिष्ठान ,Mahesh Memorial Foundation,,Dhangadhi-5 Hasanpur,091-521053,,,,,Rita Sharma,
Kailali,थारु महिला सञ्जाल ,Tharu Women Network,TWN,Dhangadhi-5,091-523969,,,,,Tara Chaudhary,
Kailali,सामाजिक विकास मञ्च ,Social Development Forum,,Dhangadhi-1,091-526800,,devganesh49@yahoo.com,,,Shiv Raj Parki,
Kailali,मुश्लिम महिला विकास केन्द्र ,Muslim Women Development Centre,,Dhangadhi-1,98484461881,,,,,Dammari Thakur,
Kailali,शैक्षिक विकासका लागि सामुदायिक मञ्च नेपाल ,Community Forum for Educational Development Nepal,,"Dhangadhi-5, Taranagar",091-527160,,,,,Viswa  Prakash Paudel,
Kailali,महिला जागरण तथा सशक्तिकरण समाज ,Women's Awareness and Empowerment Society,,Dhangadhi-8,091-524048,,,,,Laxmi Bhandari,
Kailali,स्पेशल टास्क एजुकेशसनल प्रोग्राम नेपाल ,Special Task Educational Program Nepal,,Dhangadhi-1,,,,,,Pushkar Sharma Joshi,
Kailali,मानव अधिकार तथा ग्रामीण विकास समाज ,Human Rights and Rural Development Society,,Dhangadhi-1,522544,,,,,Laxmi Upadhaya,
Kailali,सिमसार क्षेत्र जनसरोकार केन्द्र  ,Marshy Land Area Public Concern Centre,,Darakha-5,9848464488,,harinda_33joshi@yahoo.com,,,Harinanda Joshi,
Kailali,गतिशिल विकास समाज ,Development Of Dynamic Society,DDS,"Dhangadhi-5, Hasnpur",091-523644,,,,,Pashu Narayan Chaudhary,
Kailali,युनाइटेड युथ भिजन ,United Youth Vison,,Dhangadhi-2,9858420108,,,,,Raj Kumar Shrestha,
Kailali,पहलमानपुर सामुदायिक वन समन्वय समिति ,Pahalmanpur Community Foresty Coordination Committee,,Pahalmanpur-1,9741048516 and 9848462559,,,,,,
Kailali,समाज कल्याणका लागि सहयोगी हात नेपाल ,Helping Hand for Social Welfare,,Baliya-1,091-540246,,,,,Kul Pd. Timsina,
Kailali,नेशनल युवा क्लव ,National Youth Club,,"Dhangadhi-3, NationalMarg",091-526328 and 9848494676,,pr_dg2009@yahoo.com,,,Pradeep Dangi,
Kailali,जैविक विविधता तथा सिमसार क्षेत्र संरक्षण संघ  ,Jaibik Bibhidata tatha Simsar Kshetra Samrakshana Sangh,,"Darakha-5, Sukhad",9848425868and 9848425811,,,,,Yam Bd. Bam,
Kailali,शान्ति युवा समिति ,Peace Youth Committee,,Dhangadhi-1,091-521853 and 9848454261,,,,,Gambheer Mani Rasaili,
Kailali,दर्शन कल्याणकारी समाज ,Darsan Welfare Society,,"Dhangadhi-5, Hasnpur",091-523057 and 9749005206,,,,,Dipendra Bd. Shahi,
Kailali,घोडाघोडी तथा साँस्कृतिक संरक्षण समाज ,Ghoda Ghodi and Cultural Protection Society,,"Darkha-5, Sukhada",091690493 and 9848430123,,,,,Jaya Narayan Chaudhary,
Kailali,ग्लोबल अध्ययन तथा विकास क्षेत्र नेपाल ,Global Study and Development Area Nepal,,"Dhangadhi-5, Taranagar",091-526416,,gnepal2008@yahoo.com,,,Tej Prakash Upadhaya,
Kailali,सिर्जनशील सामुदायिक विकास केन्द्र ,Srijanshil Community Development Centre,,Malakheti-7,551030,,,,,Hari Sid Saud,
Kailali,गाउँ विकास तथा वातावरण संरक्षण समाज ,Village Development and Environment Conversation society,VDECS,Balipa-3,091-540016,,,,,Rupesh Swar,
Kailali,समाज सेवा मञ्च ,Social Service Forum,,Sadepani-4,091-523057,,,,,Dipendra Bd. Shahi,
Kailali,नारी उत्थान मञ्च ,Women Upliftment Forum,,"Dhangadhi-1, Pasupati Tole",091-521119 and 9848430655,,forum.women@yahoo.com,,,Nirmala Bagchand,
Kailali,परिवर्तनका लागि कार्यरत युवा समूह ,Youth Acting for Change,YAC,"Dhangadhi-5, Hasnpur",091-521361 and 9749002554,,yacnepal@yahoo.com,,,Bal Bd. Rokaya,
Kailali,सामुदायिक वन समन्वय समिति ,Community Foresty Coordination Committee,,"Masuriya-4, Badhaipur",9749012036,,,,,,
Kailali,भजनी रेञ्जपोष्ट स्तरीय सा.व.उ.स. समन्वय समिति ,Bhajani Renjpost Level Sa.B. U. Sa. Coordination Committee,,Bhajani-3,091-693903,,,,,Gyan Bd. Shahi,
Kailali,उज्यालो सुदूरपश्चिमका लागि मिडिया सञ्जाल ,Media Network for Shining Farwestern,,"Geta -3, Uttariya",984826147,,,,,,
Kailali,सेतो गुराँस बाल विकास सेवा ,Seto Guransa Children Development Service,,Dhangadhi-5,091-522317,,,,,,
Kailali,दिगो विकास समाज ,Sustainable Development Society,,Geta-2,9848423993,,,,,,
Kailali,सामुदायिक विकास समाज नेपाल ,Community Development Society Nepal,,Shreepur-4,,,,,,,
Kailali,जनक्रान्तिका घाइते तथा अपाङ्ग संरक्षण मञ्च,Jana Krantika Ghaite tatha Aapanga Samrakshana Manch,,"Baliya-8, Lamki",9749018858,,,,,Prem Bd.Bayak,
Kailali,सामाजिक विकासका लागि ग्रामीण दलित एकता केन्द्र  ,Rural Dalit Ekata Centre for Social Development,,Nigali-3,9749012455,,,,,Bal Bd. Karki,
Kailali,शिवशक्ति युवा क्लब ,Shiva Shakti Youth Club,,Parewa-1,9848471078,,,,,Bishunu Pd. Bhatta,
Kailali,श्री महालक्ष्मी युवा क्लव ,Shree Maha Laxmi Youth Club,,"Udasipur-2, Maisasur",9749020700,,,,,,
Kailali,वातावरण तथा ग्राम्रीण चेतना विकास केन्द्र  ,Environment and Rural Awareness Development Centre,,Dhangadhi-1,9749012455,,,,,,
Kailali,सुदूरपश्चिम ब्युटिपार्लर एसोसिएशन ,Far Western Beautiparlor Association,,Dhangadhi-1,,,,,,,
Kailali,अपाङ्ग एकता समाज ,Disable Unity Society,,Malakheti-7,9848426480,,,,,,
Kailali,कला तथा संस्कृति उत्थान केन्द्र नेपाल ,Art and Cultural Progressive Centre Nepal,,Dhangadhi-1,9848496061,,,,,,
Kailali,नेपाल विकास समाज ,Nepal Development Society,,Dhangadhi-1,9848421019,,birubom@hotmail.com,,,,
Kailali,गोदावरी युवा क्लव ,Godavari Youth Club,,Godawari-8,091-693280,,,,,,
Kailali,महिला सवलीकरण तथा परोपकार समाज ,Mahila Sabalikaran tatha Paropakar Samaj,,Dhangadhi-7,,,,,,,
Kailali,सामुदायिक स्वास्थ्य विकास तथा जनजागरण कार्यक्रम ,Community Health Development and People Awarness Programme,,Tikapur-9,9749001795,,,,,,
Kailali,अल्पसंख्यक समुदाय संरक्षण केन्द्र ,Minority Community Protect Center ,MCPC ,Dhangadi-1,9848429121,,minority.mcp@gmail.com,,,,
Kailali,ग्रामीण विकास संघ ,Rural Development Association ,RDA ,Dhangadi-13 ,9848442190,,,,,,
Kailali,थारु उत्थान समाज ग्रामीण विकास संघ ,Tharu Utthan Samaj Pahalmanpur,,Pahalmanpur-2,9848577679,,,,,,
Kailali,नेपाल वातावरण समन्वय समिति ,Eco Coordination Committee Nepal ,ECOC,Dhangadi-8,091-527371,,chhatrabam@yahoo.com,,,,
Kailali,दलित महिला अधिकार मञ्च नेपाल ,Dalit Women Right Forum-Nepal,DWRF,Dhangadi-4,091-527417,,dwrf_nepal@yahoo.com,,,,
Kailali,मानव अधिकार शिक्षा तथा न्यायमा पहुँच केन्द्र ,Center for Human Rights Education and Access to Justice,ADJUS,Dhangadi-5,091-524457,,edjusnepal.org@gmail.com,,,Chitra paneru,Human right
Kailali,सञ्चार प्रतिष्ठान नेपाल,Media Academy Nepal ,MAN,Dhangadhi-1,091-523843,,,,,Prakash Shah,Media
Kanchanpur,आदर्श नेपाल ,Aadarsa Nepal,,Mahendranagar-3,,,,,,,
Kanchanpur,यूथ क्लब,Youth Club,,Yethapur,,,,,,,
Kanchanpur,बैजनाथ युवा जनसेवा समिति,Baijnatha Youth Public Service Committee,,Mahendranagar-12,,,,,,,
Kanchanpur,त्रिपुरा क्लब,Tripura Club,,Mahendranagar-5,,,,,,,
Kanchanpur,अपाङ्ग कल्याण सेवा,Disable Welfare Service,,Mahendranagar-5,,,,,,,
Kanchanpur,नेपाल राष्ट्रिय समाज कल्याण संघ,Nepal National Society Welfare Organization,,Mahendranagar-18,,,,,,,
Kanchanpur,एकता युवा क्लब ,Ekata Youth Club,,Mahendranagar-2,099-523044,,,,,,
Kanchanpur,त्रिवेणी क्लब,Tribeni Club,,Mahendranagar-6,099-521590,,khadkaupendra@hotmail.com,,,,
Kanchanpur,सूर्योदय युवा क्लव,Suryoday Youth Club,,Suda-8,25097,,,,,,
Kanchanpur,महिला स्वास्थ्य स्वयं सेविका समन्वय समिति ,Female Community Health Volunteer Coordination Committee ,,Krishnapur,,,,,,,
Kanchanpur,महिला स्वास्थ्य स्वयं सेविका समन्वय समिति,Female Community Health Volunteer Coordination Committee ,,Suda-1,21597/24087,,,,,,
Kanchanpur,जनजागरण यूवा क्लब,Public Awareness Youth Club,,Laxminagar-9,,,,,,,
Kanchanpur,संजीवनी नेपाल,Sanjibani Nepal,,Mahendranagar-4,099-522528,,binod_bhatt27@hotmail.com,,,,
Kanchanpur,नेपाल पर्यावरण तथा सामाजिक संरक्षण समाज,Nepal Environment and Social Conservation Society,,Mahendranagar-4,522107,,,,,,
Kanchanpur,सरस्वती युवा क्लब,Saraswati Youth Club,,Jhalari-9,,,,,,,
Kanchanpur,ध्रुबतारा युवा क्लब,Dhurbatara Youth Club,,Jhalari-7,,,,,,,
Kanchanpur,सामाजिक समानता अभियान,Social Equal Campaign,,Mahendranagar-5,099-523793,,,,,,
Kanchanpur,बासुलिङ्ग जनसेवा युवा क्लब,Basuling Public Service Youth Club,,Kishnapur-1,,,,,,,
Kanchanpur,मिरर नेपाल,Mirror Nepal,,Mahendranagar-5,522421,,,,,,
Kanchanpur,नेपाल समाज सेवा संघ,Nepal Society Service Organization,,Parasana-4,99524851,,,,,,
Kanchanpur,सामुदायिक विकास केन्द्र,Community Development Centre,,Mahendranagar-4,,,,,,,
Kanchanpur,बैजनाथ युवा क्लब,Baijnatha Youth Club,,Daiji-3,22551,,,,,,
Kanchanpur,प्रयास मञ्च नेपाल,Prayas Forum Nepal,,Suda-2,524657/522573,,,,,,
Kanchanpur,महिला सशक्तिकरण तथा सूचना प्रविधि समाज,Women Empowerment and Information Technology Society,,Mahendranagar-4,522483,,women_information@hotmail.com,,,,
Kanchanpur,रिस्पेक्ट नेपाल,Respect Nepal,,Dodhara-7,,,,,,,
Kanchanpur,मेलौली महिला विकास समाज,Memauli Women Development Society,,Mahendranagar-5,099-524894,,,,,,
Kanchanpur,हिमालय सामाजिक सेवा समिति,Himalaya Society Service Committee,,Mahendranagar-8,,,,,,,
Kanchanpur,सामुदायिक वातावरणीय विकास केन्द्र,Community Environment Development Centre,,Mahendranagar,21218,,,,,,
Kanchanpur,महिला सशक्तिकरण तथा बाल जागरण नेपाल,Women Empowerment and Children Awareness Nepal,,Mahendranagar-4,099-521510,,,,,,
Kanchanpur,वैजनाथ धाम तथा वृद्धाश्रम सेवा समिति,Baijanatha Dham and Bridhhasram Sewa Samiti,,Suda-6,,,,,,,
Kanchanpur,नव सिर्जनशिल समाज,Nav Srijanshil Samaj,,Bhimdatta Municipality,522576/521699,,,,,,
Kanchanpur,सहभागितात्मक ग्रामिण महिला विकास संघ नेपाल,Participatory Rural Women Development Organization,,Mahendranagar-16,,,,,,,
Kanchanpur,किर्तीमान समिति,Kritiman Committee,,Mahendranagar-16,,,,,,,
Kanchanpur,जन सेवा युवा क्लब,Public Service Youth Club,,Daiji-5,,,,,,,
Kanchanpur,जन जागरण अभियान,Public Awareness Campaign,,Shreepur,,,,,,,
Kanchanpur,सामुदायिक कृषि विकास तथा वातावरण संरक्षण मञ्च,Community Agriculture Development and Emvironment Conservation,,Mahendranagar-4,525276/21650,,,,,,
Kanchanpur,कालिका युवा क्लब,Kalika Youth Club,,Mahendranagar-3,,,,,,,
Kanchanpur,नव प्रतिभा कलाकार संगम,Nava Prativa Kalakar Sangam,,Mahendranagar-18,,,,,,,
Kanchanpur,संकटा व्वाईज क्लब,Sankata Boys Club,,Mahendranagar-18,,,,,,,
Kanchanpur,ज्वाला युवा क्लब,Jwala Youth Club,,,,,,,,,
Kanchanpur,त्रिशुली युवा क्लब,Trishul Youth Club,,Beldangi-5,,,,,,,
Kanchanpur,झिलमिला समाज सेवा केन्द्र,Jhilmila Society Service Centre,,Mahendranagar-10,,,,,,,
Kanchanpur,बैजनाथ समाज कल्याण प्रगति संघ,Baijanatha Society Welfare Progressive Organization,,Suda,,,,,,,
Kanchanpur,स्टार एजुकेशन सोसाइटी,Star Education Society,,Mahendranagar-16,,,,,,,
Kanchanpur,ग्रामिण परिवार कल्याण संघ,Rural Family Welfare Organization,,Suda-1,,,,,,,
Kanchanpur,नवदुर्गा सामाजिक सेवा समिति,Nava Durga Society Service Committee,,Suda-4,,,,,,,
Kanchanpur,शान्ति युवा क्लव,Shanti Youth Club,,Daiji-2,,,,,,,
Kanchanpur,एकिकृत विकास नेपाल,Integrated Development Nepal,,Rampur-4,25491,,,,,,
Kanchanpur,सपोर्ट फाउण्डेशन,Support Foundation,,Mahendranagar-4,099-525312,,,,,,
Kanchanpur,मानव अधिकार तथा सामाजिक सशक्तिकरण केन्द्र,Human Rights and Society Empowement Centre,,Shreepur-4,,,pallab_9nsec@yahoo.com,,,,
Kanchanpur,सगरमाथा जनसेवा संस्था,Sagarmatha Public Service Organization,,Gulariya-5,091-550651,,,,,,
Kanchanpur,सिद्धनाथ युवा क्लब,Siddhanath Youth Club,,Chandani,,,,,,,
Kanchanpur,सामुदायिक स्वास्थ्य सेवा तथा अनुसन्धान समिति,Community Health Service and Research Committee,,Mahendranagar-4,,,,,,,
Kanchanpur,ग्रामीण विकास श्रोत केन्द्र,Rural Development Resource Centre,,Parasan,,,,,,,
Kanchanpur,त्रिवेणी आदर्श समाजसेवा संघ,Tribeni Aadarsa social Service Association Nepal,,Jhalai-2,,,,,,,
Kanchanpur,जन जागृति युवा क्लब,Jana Jagriti Yuwa Club,,Jhalari-4,,,,,,,
Kanchanpur,कंचन क्लब,Kanchan Club,,Mahendranagar-6,521025,,,,,,
Kanchanpur,वातावरण तथा सामुदायिक विकास मञ्च,Environment and Community Development Forum,,Mahendranagar-6,,,,,,,
Kanchanpur,नेपाल पर्यावरण तथा शिक्षा विकास समाज,Nepal Environment and Education Development Society,,Shreepur-4,525150,,,,,,
Kanchanpur,पशुपतिनाथ युवा क्लब,Pashupatinatha Yuwa Club,,Mahendranagar-8,,,,,,,
Kanchanpur,नेपाल शैक्षिक तथा पर्यावरण विकास समाज,Nepal Education and Environment Development Society,,,,,,,,,
Kanchanpur,वातावरण संरक्षण तथा गरीवि निवारण संस्था,Environment Conservation and Poverty Allevation Organization,,Mahendranagar-4,099-524851,,,,,,
Kanchanpur,महाशक्ति युवा क्लब,Mahashakati Youth Club,,Daiji,,,,,,,
Kanchanpur,सामुदायिक ग्रामीण विकास संघ,Community Rural Development Organization,,Parasan-3,,,,,,,
Kanchanpur,सगरमाथा युवा क्लब,Sagarmatha Yuwa Club,,Mahendranagar-17,,,,,,,
Kanchanpur,कञ्चन भैसी पालन कृषक समूह,Kanchan Buffalo Farming Farmer Group,,Mahendranagar-17,,,,,,,
Kanchanpur,जनसेवा समिति,Public Service Committee,,Mahendranagar-3,,,,,,,
Kanchanpur,सामुदायिक विकास नेपाल,Community Development Nepal,,Dodhara-1,099-529227,,,,,,
Kanchanpur,नेपाल वातावरण तथा सामुदायिक बिकास समाज,Nepal Enviornment and Community Development Society,,Mahendranagar-18,522728,,,,,,
Kanchanpur,वातावरण तथा महिला संरक्षण मञ्च,Environment and Women Protection Forum,,Mahendranagar-4,21529,,,,,,
Kanchanpur,असहाय बिमारी सहयोग कोष,Poor Patients Helping Fund,,,,,,,,,
Kanchanpur,नेपाल वातावरण बचाउ अभियान,Campaign of Save the Emvironment ,,Alari,,,,,,,
Kanchanpur,नारी उत्थान केन्द्र,Women Upliftment Centre,,Mahendranagar-18,,,,,,,
Kanchanpur,प्रगतिशिल युवा क्लब,Progressive Youth Club,,,,,,,,,
Kanchanpur,महाकाली साहित्य संगम,Mahakali Lit,,Mahendranagar-3,,,,,,,
Kanchanpur,नव शक्ति यूवा क्लब,Nava Shakti Yuwa Club,,Dekhatvali,,,,,,,
Kanchanpur,ग्रामिण समुदाय उत्थान  तथा वातावरण संरक्षण केन्द्र,Rural Community Uplifment and Environment Protection Centre,,Parasan,,,,,,,
Kanchanpur,सृजनशील समाज,Srijanshil Samaj,,Shreepur-6,,,,,,,
Kanchanpur,प्रगति भिलेज स्पोर्ट क्लब,Pragati Village Sports Club,,Mahendranagar-11,,,,,,,
Kanchanpur,युवा बाल कल्याण संरक्षण समिति,Youth Children Welfare Protection Committee,,Pipaladi-1,,,,,,,
Kanchanpur,त्रिवेणी जनचेतना समाज,Tribeni Public Awareness Society,,Mahendranagar-4,,,,,,,
Kanchanpur,पुर्णिमा यूवा क्बल,Purnima Youth Club,,Pipaladi-7,,,,,,,
Kanchanpur,राम नाम धार्मिक सेवा समिति,Ram Nam Dharmik Sewa Samiti,,,,,,,,,
Kanchanpur,महिला बिकास समाज,Women Development Society,,Mahendranagar-10,,,,,,,
Kanchanpur,मलिकार्जुन समाज सेवा समिति,Malikarjun Social Service Committee,,Mahendranagar-2,,,,,,,
Kanchanpur,नेपाल स्वास्थ्य तथा शिक्षा बिकास समिति,Nepal Helath and Education Development Committee,,Trivuwanbasti,,,,,,,
Kanchanpur,निङ्गलासैनी युवा क्लब,Nigalasaini Youth Club,,Mahendranagar-18,,,,,,,
Kanchanpur,शिवशक्ति प्रगतिशील युनेस्को समाज,Shiva Shakti Progressive UNESCO Society,,Dekhatvuli-4,,,,,,,
Kanchanpur,थारु महिला मञ्च,Tharu Women Forum,,Mahendranagar,,,twof@kent.com.np,,,,
Kanchanpur,दिगो मानव विकास संस्था,Sustainable Human Development Organization,,,,,,,,,
Kanchanpur,हरित स्वर्ण युवा क्लब,Harit Swrna Yuwa Club,,,,,,,,,
Kanchanpur,झिलमिला ग्रामिण बिकास समाज,Jhilamila Rural Development Society,,Mahendranagar-9,570012,,,,,,
Kanchanpur,न्यू मिलेनियम युवा क्लब,New Mellenium Youth Club,,Daiji-4,,,,,,,
Kanchanpur,प्रयास,Prayas ,,Mahendranagar-4,,,,,,,
Kanchanpur,मानव अधिकार तथा वातावरण संरक्षण केन्द्र,Human Rights and Environment Protection Centre,,Mahendranagar-1,,,,,,,
Kanchanpur,शुक्लाफाँटा युवा क्लब,Shuklafat Yuwa Club,,,,,,,,,
Kanchanpur,वातावरण एवं कृषि सुधार मञ्च नेपाल,Forum For Environmental and Agriculture Reformation  Nepal,,Mahendranagar-8,,,,,,,
Kanchanpur,जन चेतना समाज नेपाल,Public Awareness Society Nepal,,Mahendranagar-3,521617,,,,,,
Kanchanpur,ग्रामिण सामुदायिक विकास केन्द्र,Rural Community Development Centre,,Mahendranagar-18,524403/525030,,b_rcdcmnr@yahoo.com,,,,
Kanchanpur,बेस,Base,,,,,,,,,
Kanchanpur,सामुदायिक बिकास तथा वातावरण समाज,Community Development and Environment Society,,Mahendranagar-18,099-524050,,ceps@redffmail.com,,,,
Kanchanpur,नेपाल गरीब दलित उत्थान समिति,Nepal Poverty Dalit Upliftment Committee,,,,,,,,,
Kanchanpur,समाज सुधार समिति,Society Improvement Committee,,Daiji-1,,,,,,,
Kanchanpur,दक्षिण एशिया अध्ययन तथा विकास केन्द्र,South Asia Study and Development Centre,,Mahendranagar-4,521901,,,,,,
Kanchanpur,महिला मुक्ति सेवा केन्द्र,Women Freedom Service Centre,,Pipaladi-1,,,,,,,
Kanchanpur,त्रिशक्ति विकासवादी समाज,Trishakti Evolutionary  Society,,,,,,,,,
Kanchanpur,समाज सशक्तिकरण परिषद,Society Empowerment Council,,Krishnapur-5,,,,,,,
Kanchanpur,लालीगुराँस यूवा क्लब,Laligunras Youth Club,,Raikabar-5,521741,,,,,,
Kanchanpur,मोतिपुर समाज सुधार समिति,Motipur Social Improvement Committee,,Krishnapur-1,,,,,,,
Kanchanpur,पृथुल युवा क्लब,Prithul Youth Club,,Suda-6,,,,,,,
Kanchanpur,"शैक्षिक अनुसन्धान, प्रवद्र्धन तथा विकास नेपाल",Educational Research Promotion and Development Nepal,,Mahendranagar-4,099-524911,,,,,,
Kanchanpur,सृजनशील सामुदायिक संस्था,Creative Community Organization,,Jhalari-3,,,bhim_awasthi@yahoo.com,,,,
Kanchanpur,नागरिक समाज तथा एकता परिषद,Civil Society and Unity Council,,,,,,,,,
Kanchanpur,कालिका बजार व्यवस्थापन समिति,Kalika Market Management Committee,,Kalika-4,,,,,,,
Kanchanpur,महिला शशक्तिकरण समाज नेपाल,Women Empowerment Society Nepal,,,,,,,,,
Kanchanpur,सिर्जनशिल साँस्कृतिक परिवार,Innovative Cultural Family,,,,,,,,,
Kanchanpur,समाज कल्याण अंचल बाल अनाथालय,Social Welfare Zonal Child Shelterhome,,Mahendranagar,,,,,,,
Kanchanpur,भगवती ग्रामिण बिकास केन्द्र,Bhagawati Rural Development Centre,,,,,,,,,
Kanchanpur,नव प्रतिभा क्लब,Nava Prativa Club,,,,,,,,,
Kanchanpur,ग्रामिण सामुदायिक तथा वातावरणीय विकास समाज,Rural Community and Environment Development Society,,Mahendranagar,,,,,,,
Kanchanpur,सहकार्य समाज नेपाल,Co-working Society Nepal,,Parasan-3,099-523903,,,,,,
Kanchanpur,मानव संसाधन विकास केन्द्र,Human Resource Development Centre,,Mahendranagar,,,,,,,
Kanchanpur,कृषि तथा वातावरण सुधार नेपाल,Agriculture and Environment  Improvenment Nepal,,,,,,,,,
Kanchanpur,वैतडा सामुदायिक विकास परियोजना,Baitada Community Development Project,,Daiji-4,,,,,,,
Kanchanpur,वातावरण संरक्षण तथा समाज कल्याण संघ,Preservation Of Environment And Social Welfare Association ,,,,,,,,,
Kanchanpur,बसन्त प्रतिभा युवा क्लब,Basanta Prativa Youth Club,,Mahendranagar-1,,,,,,,
Kanchanpur,नेपाल ग्रामिण विकास कार्यक्रम,Nepal Rural Development Program,,Shreepur-4,099-525082,,,,,,
Kanchanpur,स्वीट नेपाल,Sweet Nepal,,Mahendranagar-18,099-24120,,,,,,
Kanchanpur,श्री कृष्ण ग्राम सेवा समिति,Shree Krishna Gram Sewa Samiti,,Mahendranagar -17,099-522140,,,,,,
Kanchanpur,बालबालिका तथा महिला जनचेतना विकास मञ्च,Children and Women Awareness Development Forum,,Mahendranagar-4,521590/21288,,,,,,
Kanchanpur,पुनर्जीवन केन्द्र,Punarjiwan Kendra,,Mahendranagar-4,,,,,,,
Kanchanpur,नेपाल सोसियल डेबलपमेन्ट एशोसिएसन,Nepal Social Development Association,,,,,,,,,
Kanchanpur,वातावरण संरक्षण तथा गरिबी निवारण संस्था,Environment Protection and Proverty Allevation Organization,,,,,,,,,
Kanchanpur,"सारदा संगम युवा क्लब, सारदा सामाजिक समानता विकास संघ (नयाँ नाम)",Social Equal Developmetn Organization,,,,,,,,,
Kanchanpur,शिव सेवा महिला प्रगती समाज,Shiva Sewa Mahila Pragati Samaj,,Mahendranagar-2,,,,,,,
Kanchanpur,सिद्धेश्वर युवा क्लव,Siddheswor Youth Club,,Rampur-4,,,,,,,
Kanchanpur,गरीवि न्यूनीकरण तथा उद्यमशील समाज नेपाल,Poverty Allivation and Industrious Socety Nepal,,Rampur-4,,,,,,,
Kanchanpur,सामाजिक सेवा समिति,Social Service Committee,,Mahendranagar-19,,,,,,,
Kanchanpur, श्री वैजनाथ नारी कल्याण समाज,Shree Baijnatha Women Welfare Society,,,,,,,,,
Kanchanpur,सामुदाय वातावरण तथा वालवालिका संघ ,Community Environment and Children Organization,,,,,,,,,
Kanchanpur,श्री सिद्धनाथ गाँउ सेवा समाज ,Shree Siddhanatha Village Service Society,,Suda-7,,,,,,,
Kanchanpur,महिला सशक्तिकण तथा सूचना प्रविधि समाज,Women Empowerment and Information Technology Society,,,,,,,,,
Kanchanpur,प्रगती युवा क्लव ,Pragati Youth Club,,Beldangi-9,,,,,,,
Kanchanpur,सृजनशिल सामुदायिक संघ,Srijanshil Community organization,,,,,,,,,
Kanchanpur,ग्यालेकसी युथ क्लब ,Gyalexi Youth Club,,Daiji-1,,,,,,,
Kanchanpur, स्थानीय विकास मञ्च ,Local Development Forum,,Bhasi-1,099-521615,,,,,,
Kanchanpur,सशक्तिकरण तथा समग्र विकास संयोजन कार्यक्रम नेपाल ,Empowerment and Wholism Development Coordination Program Nepal,,Mahendranagar-18,099-525558,,,,,,
Kanchanpur,दिगो वातावरण कल्याण संघ नेपाल ,Sustainable Environment Welfare Organization Nepal,,Mahendranagar-18,099-525096,,,,,,
Kanchanpur,सुदूर पश्चिमाञ्चल विकास मञ्च,Far Western Region Development Forum ,,Mahendranagar-4,,,,,,,
Kanchanpur,एकिकृत विकासका लागि राष्ट्रिय सहकार्य नेपाल ,National Partnership  for Integrated Development Nepal,,Mahendranagar-18,985875023,,,,,,
Kanchanpur,महिला आय आर्जन तथा स्वःरोजगार केन्द्र  ,Mahila Aaya Aarjan tatha Swa- Rojgar Kendra,,Mahendranagar-1,523522,,bikram522659@yahoo.com,,,,
Kanchanpur,श्री प्रगति युवा क्लब ,Shree Pragati Youth Club,,Beldangi-9,,,,,,,
Kanchanpur,राष्ट्रिय महिला आवाज ,Rastriya Mahila Aawaj,,Mahendranagar-6,099-525439,,,,,,
Kanchanpur,महिला तथा वृद्ध सेवा केन्द्र ,Women and Adult Service Center,,Bhimdatta Municipality-4,,,,,,,Awareness Program
Kanchanpur,मानवीय सुधार तथा संरक्षण समाज नेपाल ,Society For Human Improvement and Protection  Nepal,,Mahendranagar-6,,,,,,,
Kanchanpur,नेपाल ग्रामीण विकास अभियान ,Nepal Rual Development Compagin ,,Beldangi -3,,,,,,,
Kanchanpur,थरुवा चेतना क्लब ,Tharuwa Chetan Club,,Rauteli Bichuwa-7,,,,,,,
Kanchanpur,प्राणी र वातावरणका लागि मानव ,Human for Animal and Environment,,Suda-3,521625,,muku_devan_kc@hotmail.com,,,,
Kanchanpur,सूर्योदयो युवा क्लब ,Suryoday Youth Club,,Daiji-3,,,,,,,
Kanchanpur,महाकाली ग्रामीण विकास फोरम ,Mahakali Rural Development Froum,,Mahendranagar-4,,,,,,,
Kanchanpur,एकता युवा क्लब ,Ekta Youth Club,,Beldandi-6,,,,,,,
Kanchanpur,दलित सामुदायिक विकास मञ्च ,Dalit Community Development Forum,,Pipaladi-9,,,,,,,
Kanchanpur,जनशक्ति युवा क्लब ,Jana Shakti Youth Club,,Laxmipur-4,,,,,,,
Kanchanpur,राष्ट्रिय जनचेतनामूलक समाज ,National Public Awarness Society,,Mahendranagar-3,,,,,,,
Kanchanpur,रिक्सा तथा साइकल व्यवसाय समिति ,Riksa and Cycle Business Committee,,Mahendranagar-4,,,,,,,
Kanchanpur,सामाजिक न्याय सहजीकरण नेपाल,Social Justice Facilitator  Nepal,,Mahendranagar-18,,,,,,,
Kanchanpur,ग्वासी बहुउद्देश्यीय विकास समाज नेपाल ,Gyasi Multipurpose Development Society Nepal,,"Rekbar, Bichawa-4",,,,,,,
Kanchanpur,रौलेश्वर जनसेवा समिति ,Rauleswor Public Service Committee,,Jhalari-9,,,,,,,
Kanchanpur,महिला बालबालिका संरक्षण मञ्च ,Women Children Presarvation Forum,,Mahendranagar-4,,,,,,,
Kanchanpur,उत्पीडित एकता मानवीय विकास संघ,Oppressed Unity Humanity Development Association,,Trivuwanbasti,,,,,,,
Kanchanpur,नेपाल ग्रामीण पशुस्वास्थ्य कार्यकर्ता संगठन ,Nepal Village Animal Health Worker Association,,Mahendranagar-4,,,,,,,
Kanchanpur,रुरल डेभलपमेन्ट अर्गनाइजेशन नेपाल ,Rural Development Organization Nepal,,Mahendranagar-6,,,,,,,
Kanchanpur,नेपाल औद्योगिक विकास अनुसन्धान सरोकार केन्द्र  ,Nepal Industrial Development Research Concern Centre,,Mahendranagar-6,,,,,,,
Kanchanpur,सामाजिक स्वास्थ्य शिक्षा वातावरण एवं ग्रामीण कृषि विकास नेपाल ,Social Health Education Environment and Rural Agriculture Development Nepal,,Suda-7,,,,,,,
Kanchanpur,श्री राम सामुदायिक समाज सेवा समिति ,Shree Ram Community Social Service Committee,,Mahendranagar-17,,,,,,,
Kanchanpur,युवा सचेतना संघ नेपाल ,Youth Awareness Organization Nepal,,Mahendranagar-4,9848726140,,sawad_devraj@yahoo.com,,,,
Kanchanpur,अछाम रामारोशन सिर्जनशील समाज ,Aachhama Ramaroshan Srijanshil Society,,Manpa-18,,,,,,,
Kanchanpur,कैलपाल विकास तथा संरक्षण समाज ,Kailpal Development and Protection Society,,Mahendranagar-14,,,,,,,
Kanchanpur,श्री शुक्ला फाँटा युवा समाज ,Shree Shukla Fata Youth Society,,Rampur-8,693152,,,,,,
Kanchanpur,पुनर्वास हाट बजार समिति ,Puranbas Hat Bazar Committee,,Trivuwanbasti-1,,,,,,,
Kanchanpur,महाकाली सामुदायिक विकास केन्द्र ,Mahakali Community Development Centre,,Daiji-3,,,,,,,
Kanchanpur,नेपाल राष्ट्रिय समाज तथा वातावरण संरक्षण केन्द्र मञ्च ,Forum for Nepal National Society and Environment Protection Centre ,,Mahendranagar-4,,,,,,,
Kanchanpur,राष्ट्रिय हलिया मुक्ति समाज ,Rastriya Haliya Mukti Samaj,,Mahendranagar-4,,,,,,,
Kanchanpur,नमुना महिला अधिकार मञ्च ,Namuna Women Rights Forum,,Mahendranagar-18,,,,,,,
Kanchanpur,ग्रामीण विकास सहकारी समाज ,Rural Development Cooperation Society,,Mahendranagar-4,099-523056,,,,,,
Kanchanpur,राष्ट्रिय दलित अधिकार मञ्च ,National Dalit Rights Forum,,Bhimdatta-4,9749504593,,,,,,
Kanchanpur,कृष्ण समाज कल्याण समिति ,Krishna Society Welfare Committee,,Chandani-4,099-692033,,,,,,
Kanchanpur,"समाज रुपान्तरण, विकास तथा शान्ति स्थापना केन्द्र ","Society Transformation, Development and Peace Stablishment Centre",,Mahendranagar-4,9749509964,,,,,,
Kanchanpur,नेपाल मकासु समाज केन्द्र ,Nepal Labourious Society Center,,Jhalari-7,099-690784,,nlscjhalari@yahoo.com,,,,
Kanchanpur,जनसेवा—नेपाल ,Janasewa Nepal,,Mahendranagar-4,099-521577,,,,,,
Kanchanpur,संरक्षित वातारण र सामुदायिक शिक्षा ,Protective Environment and Community Education,,Daiji-5,099-690488,,,,,,
Kanchanpur,द्वन्दपीडित तथा एकल महिला विकास केन्द्र ,Conflict Victim & Single Women Development Centre ,,Mahendranagar-5,9848720381,,,,,,
Kanchanpur,नवोदित प्रतिभा युवा क्लव ,Nawadip Prativa Yuba Club,,Laxmipur-5,,,,,,,
Kanchanpur,स्नेही महिला जागरण केन्द्र ,Snehi Women Awareness Center ,,Bhimdatta-4,"099-523408,",,,,,,
Kanchanpur,अमृता यूनेस्को संघ ,Amrita Unesco Association,,,099-621127,,,,,,
Kanchanpur,राना विद्यार्थी अक्षय कोष ,Rana Student Treasur,,Bhimdatta Municipality-4,9749504719,,,,,,Educational Backward Rana Gorup of the Terai areas
Kanchanpur,सामुदायिक स्वास्थ्य सुरधा एवं अनुसन्धान केन्द्र ,Community Health Reform & Research Center ,,,9749509276,,,,,,
Kanchanpur,समर्थन समाज ,Support Society ,,,9749503091,,,,,,
Kanchanpur,प्याक्डोन नेपाल ,Pyakdon Nepal,,,,,,,,,
Kanchanpur,थारु सामुदायिक विकास मञ्च ,Tharu Social Development Forum,,Pipladi-6,,,,,,,
Kanchanpur,मुक्त कमलरी विकास मञ्च ,Freed Kamaiya Development Forum Kanchanpur,,Bhimdatta Municipality-18,9749013849,,fkdfkanchanpur@gmail.com,,,,
Kanchanpur,युनाइटेड युथ क्लव ,United Youth Club,,Bhimdatta Municipality-10,,,,,,,
Kanchanpur,शुक्लाफाँटा विकास एवं सशक्तिकरण केन्द्र ,Suklaphanta Development and Environment Society  ,,,9848753988,,,,,,
Kanchanpur,भम्केश्वर आदर्श समाज ,Bhamkeshwor Adars Society ,,,9848721484,,,,,,
Kanchanpur,नयाँसमाज नेपाल ,New Society Nepal  ,,,9848790617,,,,,,
Kanchanpur,वैजनाथ शिद्धनाथ युवा समाज ,Baijyanath Siddhanath Youth Society ,,,9749504950,,,,,,
Kanchanpur,ग्रामीण विकासका लागि सिर्जनशील समाज ,Creative Society for Rural Development ,,,,,,,,,
Kanchanpur,,,,,,,,,,,
Kanchanpur,,Creative Vision Nepal,,Vimnda-18,099-520572,,creativevision@gmail.com,,,,
Kanchanpur,,Comminity Forest Co-ordination Committee,,Kishnapur-2,9749506185,,,,,,
Kanchanpur,,Women And Child Development Center,,Vimnda-18,099-691218/9848760384,,,,,,
Kanchanpur,,Common Campaign For Social Development Nepal,,Mahendranagar-4,9759501182,,harsha_ccdnepal@yahoo.com,,,,
Kanchanpur,,Nepal Dalit Society Organization ,,Belauri-4,,,,,,,
Kanchanpur,,Women Unity For Equal Development ,,Vimnda-4,,,,,,,
Kanchanpur,,Radha Krishna Organization For Social Service,,Dodhara-1,9809476588,,,,,,
